id,community_id,genre
0,0,Pop/Rock
1,0,Pop/Rock
2,0,Pop/Rock
3,1,Pop/Rock
4,2,Latin
5,0,Pop/Rock
6,2,Pop/Rock
7,2,Jazz
8,1,R&B;
9,2,International
10,1,Country
11,0,Pop/Rock
12,2,Classical
13,3,Electronic
14,2,Stage & Screen
15,2,Pop/Rock
16,4,Comedy/Spoken
17,2,Easy Listening
18,0,Electronic
19,1,Pop/Rock
20,1,R&B;
21,1,Pop/Rock
22,0,R&B;
23,1,Pop/Rock
24,0,Pop/Rock
25,1,Vocal
26,2,R&B;
27,1,Stage & Screen
28,3,Reggae
29,1,Pop/Rock
30,1,Blues
31,3,Reggae
32,0,Pop/Rock
33,2,New Age
34,2,R&B;
35,2,Latin
36,0,Pop/Rock
37,1,R&B;
38,2,Latin
39,0,Pop/Rock
40,0,Pop/Rock
41,0,Pop/Rock
42,0,Pop/Rock
43,5,Vocal
44,2,Jazz
45,2,Electronic
46,0,Pop/Rock
47,1,Pop/Rock
48,1,Vocal
49,2,Jazz
50,1,R&B;
51,2,International
52,2,Latin
53,2,Latin
54,1,Country
55,1,Pop/Rock
56,2,Pop/Rock
57,1,R&B;
58,1,R&B;
59,1,Pop/Rock
60,0,Pop/Rock
61,0,Pop/Rock
62,1,Country
63,1,R&B;
64,1,Pop/Rock
65,0,Pop/Rock
66,0,Pop/Rock
67,0,Pop/Rock
68,2,Pop/Rock
69,0,Pop/Rock
70,1,Pop/Rock
71,1,Country
72,0,Pop/Rock
73,0,Pop/Rock
74,2,Jazz
75,0,Pop/Rock
76,0,Pop/Rock
77,1,Pop/Rock
78,0,Pop/Rock
79,0,Pop/Rock
80,6,Stage & Screen
81,0,Pop/Rock
82,1,Country
83,1,R&B;
84,4,Country
85,1,Pop/Rock
86,1,Blues
87,2,Pop/Rock
88,0,Pop/Rock
89,2,Pop/Rock
90,1,Pop/Rock
91,2,Jazz
92,2,Electronic
93,2,R&B;
94,1,Country
95,1,Pop/Rock
96,1,Pop/Rock
97,3,Reggae
98,0,Pop/Rock
99,2,Jazz
100,0,Comedy/Spoken
101,1,Religious
102,1,Pop/Rock
103,0,Pop/Rock
104,2,Jazz
105,0,New Age
106,1,Folk
107,1,Country
108,1,Pop/Rock
109,1,R&B;
110,0,Pop/Rock
111,1,Religious
112,1,Pop/Rock
113,0,Pop/Rock
114,2,Pop/Rock
115,1,Folk
116,2,Jazz
117,1,Religious
118,1,Country
119,0,Pop/Rock
120,7,Pop/Rock
121,0,Classical
122,1,Pop/Rock
123,1,R&B;
124,0,Pop/Rock
125,2,R&B;
126,1,Country
127,2,Pop/Rock
128,0,Pop/Rock
129,1,R&B;
130,0,Pop/Rock
131,1,R&B;
132,0,R&B;
133,1,Pop/Rock
134,1,Pop/Rock
135,1,Pop/Rock
136,0,Pop/Rock
137,2,International
138,0,Electronic
139,2,Jazz
140,1,Blues
141,2,Jazz
142,3,Reggae
143,0,Pop/Rock
144,2,Electronic
145,0,Pop/Rock
146,1,R&B;
147,1,R&B;
148,1,Vocal
149,1,R&B;
150,1,Vocal
151,2,Jazz
152,2,R&B;
153,1,R&B;
154,0,Jazz
155,0,Pop/Rock
156,0,Pop/Rock
157,0,Pop/Rock
158,1,Pop/Rock
159,0,Pop/Rock
160,0,Pop/Rock
161,1,Country
162,1,Pop/Rock
163,0,Pop/Rock
164,2,Jazz
165,0,Pop/Rock
166,1,R&B;
167,0,Pop/Rock
168,0,Pop/Rock
169,2,R&B;
170,0,Pop/Rock
171,1,Pop/Rock
172,1,R&B;
173,1,Folk
174,1,Country
175,0,Pop/Rock
176,3,Reggae
177,1,Country
178,0,Pop/Rock
179,0,Pop/Rock
180,0,Electronic
181,2,Jazz
182,1,Pop/Rock
183,1,Country
184,1,Pop/Rock
185,1,Country
186,1,R&B;
187,0,Pop/Rock
188,0,Pop/Rock
189,1,Pop/Rock
190,1,Pop/Rock
191,2,Jazz
192,2,Jazz
193,0,Pop/Rock
194,1,Pop/Rock
195,1,Pop/Rock
196,0,Pop/Rock
197,2,Easy Listening
198,0,Pop/Rock
199,0,Pop/Rock
200,0,Pop/Rock
201,0,Pop/Rock
202,2,Jazz
203,0,Electronic
204,2,Jazz
205,1,Country
206,7,Pop/Rock
207,1,Blues
208,0,Pop/Rock
209,1,Pop/Rock
210,0,Pop/Rock
211,3,Reggae
212,2,Electronic
213,1,Folk
214,1,Religious
215,1,Pop/Rock
216,1,Pop/Rock
217,0,Pop/Rock
218,3,Pop/Rock
219,0,Electronic
220,2,R&B;
221,2,Electronic
222,2,Electronic
223,2,Jazz
224,0,Pop/Rock
225,1,International
226,0,Pop/Rock
227,0,Pop/Rock
228,0,Classical
229,0,Pop/Rock
230,1,Country
231,0,Pop/Rock
232,0,Pop/Rock
233,1,Pop/Rock
234,1,Religious
235,1,Pop/Rock
236,2,Latin
237,0,Pop/Rock
238,1,R&B;
239,0,Pop/Rock
240,2,Jazz
241,1,Blues
242,3,Reggae
243,0,Pop/Rock
244,1,R&B;
245,2,Jazz
246,1,Pop/Rock
247,0,Pop/Rock
248,5,Pop/Rock
249,0,Pop/Rock
250,1,Country
251,0,Pop/Rock
252,0,Pop/Rock
253,0,Pop/Rock
254,2,Jazz
255,0,Pop/Rock
256,0,Pop/Rock
257,1,Vocal
258,1,Pop/Rock
259,1,Pop/Rock
260,0,Pop/Rock
261,2,Classical
262,0,Pop/Rock
263,2,Jazz
264,1,Jazz
265,2,R&B;
266,1,Pop/Rock
267,1,R&B;
268,2,Stage & Screen
269,1,Religious
270,0,Pop/Rock
271,0,Pop/Rock
272,1,Pop/Rock
273,0,New Age
274,2,Pop/Rock
275,0,Pop/Rock
276,0,Pop/Rock
277,0,Pop/Rock
278,1,Pop/Rock
279,2,Pop/Rock
280,0,Pop/Rock
281,2,Electronic
282,1,Pop/Rock
283,3,Pop/Rock
284,0,New Age
285,1,Religious
286,1,Country
287,2,Pop/Rock
288,1,Religious
289,1,Folk
290,0,Pop/Rock
291,1,Pop/Rock
292,1,Pop/Rock
293,1,Blues
294,0,Pop/Rock
295,2,R&B;
296,2,Pop/Rock
297,1,Country
298,0,Pop/Rock
299,3,Reggae
300,0,Pop/Rock
301,2,R&B;
302,2,Pop/Rock
303,0,Pop/Rock
304,1,Country
305,1,Pop/Rock
306,2,Jazz
307,1,R&B;
308,0,Pop/Rock
309,0,Pop/Rock
310,0,Pop/Rock
311,1,R&B;
312,2,R&B;
313,1,R&B;
314,1,Pop/Rock
315,0,Pop/Rock
316,1,R&B;
317,0,Pop/Rock
318,0,Pop/Rock
319,1,Pop/Rock
320,0,Pop/Rock
321,1,Country
322,2,R&B;
323,1,Pop/Rock
324,0,Pop/Rock
325,0,Pop/Rock
326,2,Pop/Rock
327,2,Jazz
328,1,Country
329,2,Jazz
330,0,Pop/Rock
331,2,Jazz
332,1,Country
333,1,Vocal
334,0,Classical
335,0,Pop/Rock
336,2,Latin
337,2,Latin
338,0,Pop/Rock
339,0,Pop/Rock
340,1,Vocal
341,1,Pop/Rock
342,0,Pop/Rock
343,0,Pop/Rock
344,1,Vocal
345,1,Pop/Rock
346,0,Pop/Rock
347,1,R&B;
348,0,Pop/Rock
349,0,Pop/Rock
350,0,Pop/Rock
351,0,Pop/Rock
352,0,Pop/Rock
353,0,Pop/Rock
354,0,Pop/Rock
355,2,Jazz
356,1,Blues
357,3,R&B;
358,0,Pop/Rock
359,1,R&B;
360,0,Pop/Rock
361,0,Pop/Rock
362,0,New Age
363,0,Pop/Rock
364,1,Stage & Screen
365,0,Pop/Rock
366,0,Pop/Rock
367,0,Pop/Rock
368,1,R&B;
369,2,Stage & Screen
370,1,R&B;
371,0,Pop/Rock
372,1,Pop/Rock
373,0,Pop/Rock
374,2,New Age
375,0,Pop/Rock
376,1,Pop/Rock
377,0,Pop/Rock
378,4,Comedy/Spoken
379,1,Vocal
380,1,Blues
381,2,Electronic
382,0,Pop/Rock
383,7,Religious
384,2,Jazz
385,1,Pop/Rock
386,1,Religious
387,1,Country
388,0,Pop/Rock
389,1,Pop/Rock
390,0,Pop/Rock
391,1,Blues
392,2,Latin
393,1,Country
394,1,Folk
395,1,R&B;
396,1,Pop/Rock
397,2,Jazz
398,2,Pop/Rock
399,0,Pop/Rock
400,1,International
401,1,Stage & Screen
402,0,Pop/Rock
403,3,Vocal
404,1,Country
405,2,New Age
406,0,Pop/Rock
407,2,Jazz
408,1,Pop/Rock
409,0,Pop/Rock
410,1,Country
411,1,Pop/Rock
412,1,R&B;
413,1,R&B;
414,1,Pop/Rock
415,1,Country
416,1,R&B;
417,1,Pop/Rock
418,0,Pop/Rock
419,1,Vocal
420,4,Comedy/Spoken
421,2,Jazz
422,1,R&B;
423,1,Pop/Rock
424,0,Pop/Rock
425,0,Pop/Rock
426,1,Pop/Rock
427,0,Pop/Rock
428,1,Pop/Rock
429,0,Pop/Rock
430,1,R&B;
431,1,R&B;
432,0,Electronic
433,0,Pop/Rock
434,1,Vocal
435,1,R&B;
436,1,Vocal
437,0,Pop/Rock
438,0,Pop/Rock
439,0,Electronic
440,1,R&B;
441,2,R&B;
442,0,Pop/Rock
443,2,R&B;
444,0,Pop/Rock
445,1,Blues
446,1,Pop/Rock
447,0,Pop/Rock
448,0,Pop/Rock
449,1,R&B;
450,2,Latin
451,0,Pop/Rock
452,1,Country
453,2,Pop/Rock
454,2,Electronic
455,2,Jazz
456,0,Pop/Rock
457,1,Classical
458,1,R&B;
459,1,Classical
460,1,Pop/Rock
461,0,Pop/Rock
462,2,Latin
463,0,Pop/Rock
464,3,Reggae
465,1,Pop/Rock
466,2,Blues
467,1,Folk
468,2,Latin
469,1,Pop/Rock
470,2,Easy Listening
471,1,R&B;
472,1,Vocal
473,2,R&B;
474,2,Latin
475,1,Pop/Rock
476,1,R&B;
477,0,Pop/Rock
478,2,Jazz
479,2,Electronic
480,2,International
481,1,R&B;
482,2,Pop/Rock
483,3,Reggae
484,2,Jazz
485,0,Pop/Rock
486,1,R&B;
487,1,Vocal
488,0,Pop/Rock
489,1,Country
490,0,Electronic
491,1,Country
492,1,Country
493,1,Vocal
494,1,R&B;
495,0,Pop/Rock
496,0,Pop/Rock
497,1,R&B;
498,0,Pop/Rock
499,1,Pop/Rock
500,0,Pop/Rock
501,0,Pop/Rock
502,1,Blues
503,1,Pop/Rock
504,2,R&B;
505,0,Pop/Rock
506,1,R&B;
507,2,Latin
508,0,Pop/Rock
509,1,R&B;
510,2,R&B;
511,0,Pop/Rock
512,0,Pop/Rock
513,1,Stage & Screen
514,1,R&B;
515,1,Blues
516,0,Pop/Rock
517,2,R&B;
518,0,Pop/Rock
519,1,R&B;
520,2,International
521,1,R&B;
522,0,Pop/Rock
523,1,Pop/Rock
524,0,Pop/Rock
525,0,Pop/Rock
526,1,Country
527,0,Pop/Rock
528,0,Pop/Rock
529,2,Pop/Rock
530,1,R&B;
531,1,Religious
532,0,Pop/Rock
533,2,Pop/Rock
534,0,Pop/Rock
535,1,Pop/Rock
536,0,Pop/Rock
537,1,R&B;
538,1,Pop/Rock
539,1,Country
540,0,Pop/Rock
541,1,R&B;
542,1,Blues
543,1,Vocal
544,2,Vocal
545,0,Pop/Rock
546,2,Jazz
547,1,Country
548,0,Pop/Rock
549,4,Pop/Rock
550,2,Jazz
551,1,Blues
552,2,Latin
553,3,Reggae
554,1,Country
555,0,Pop/Rock
556,0,Jazz
557,2,Jazz
558,0,Pop/Rock
559,1,Pop/Rock
560,7,International
561,2,Vocal
562,2,Latin
563,1,Pop/Rock
564,4,Comedy/Spoken
565,0,Electronic
566,0,R&B;
567,1,R&B;
568,1,Country
569,0,Pop/Rock
570,2,Jazz
571,2,R&B;
572,1,International
573,2,Jazz
574,0,Pop/Rock
575,1,Folk
576,2,Jazz
577,3,Reggae
578,1,R&B;
579,0,Pop/Rock
580,7,International
581,1,Country
582,1,Country
583,1,Pop/Rock
584,4,Comedy/Spoken
585,0,Pop/Rock
586,3,Reggae
587,1,Pop/Rock
588,0,Pop/Rock
589,0,Pop/Rock
590,0,Pop/Rock
591,3,Vocal
592,0,Pop/Rock
593,1,Vocal
594,2,R&B;
595,1,Pop/Rock
596,0,Pop/Rock
597,1,Country
598,1,Country
599,0,Electronic
600,0,Pop/Rock
601,1,Pop/Rock
602,2,R&B;
603,0,Pop/Rock
604,1,Pop/Rock
605,1,Pop/Rock
606,3,Reggae
607,1,Pop/Rock
608,1,R&B;
609,1,R&B;
610,0,Pop/Rock
611,2,Jazz
612,1,Folk
613,1,R&B;
614,2,Jazz
615,2,Jazz
616,1,R&B;
617,0,Pop/Rock
618,2,Pop/Rock
619,0,Electronic
620,0,Pop/Rock
621,0,New Age
622,1,Country
623,0,Pop/Rock
624,1,R&B;
625,0,Pop/Rock
626,3,Reggae
627,1,Pop/Rock
628,2,Electronic
629,3,Pop/Rock
630,1,Pop/Rock
631,2,Pop/Rock
632,0,Pop/Rock
633,1,Country
634,1,R&B;
635,0,Pop/Rock
636,1,Country
637,2,Jazz
638,1,Country
639,1,Blues
640,1,Pop/Rock
641,0,Pop/Rock
642,3,Reggae
643,1,Vocal
644,0,Pop/Rock
645,1,Vocal
646,2,Jazz
647,1,Pop/Rock
648,0,Pop/Rock
649,1,Pop/Rock
650,1,R&B;
651,0,Pop/Rock
652,2,Latin
653,0,Pop/Rock
654,3,Reggae
655,0,Pop/Rock
656,3,Reggae
657,0,Pop/Rock
658,1,Vocal
659,0,Pop/Rock
660,7,Religious
661,0,Pop/Rock
662,0,Pop/Rock
663,0,Pop/Rock
664,0,Pop/Rock
665,0,Pop/Rock
666,3,Vocal
667,2,Jazz
668,1,Pop/Rock
669,1,Pop/Rock
670,0,Pop/Rock
671,0,Pop/Rock
672,1,R&B;
673,0,Pop/Rock
674,1,Pop/Rock
675,0,New Age
676,1,R&B;
677,1,Country
678,1,Blues
679,2,Jazz
680,0,Electronic
681,2,Pop/Rock
682,0,Pop/Rock
683,1,Country
684,1,Country
685,3,Reggae
686,1,Country
687,2,Jazz
688,1,Pop/Rock
689,1,New Age
690,2,Jazz
691,2,Jazz
692,1,R&B;
693,2,Jazz
694,1,R&B;
695,1,Vocal
696,2,Latin
697,1,Country
698,1,Vocal
699,1,R&B;
700,1,R&B;
701,1,Religious
702,1,Country
703,2,Pop/Rock
704,0,Pop/Rock
705,0,Pop/Rock
706,0,Pop/Rock
707,0,Pop/Rock
708,1,Pop/Rock
709,0,Pop/Rock
710,1,R&B;
711,1,Pop/Rock
712,0,Pop/Rock
713,2,R&B;
714,0,Pop/Rock
715,0,Pop/Rock
716,1,R&B;
717,1,Country
718,2,R&B;
719,3,Reggae
720,0,Pop/Rock
721,0,Pop/Rock
722,1,Pop/Rock
723,0,Pop/Rock
724,1,Country
725,2,Jazz
726,2,Pop/Rock
727,0,Pop/Rock
728,1,Pop/Rock
729,1,Country
730,0,Pop/Rock
731,1,Pop/Rock
732,1,R&B;
733,0,Pop/Rock
734,0,Pop/Rock
735,0,Pop/Rock
736,1,R&B;
737,0,Pop/Rock
738,2,R&B;
739,1,Pop/Rock
740,1,Pop/Rock
741,3,R&B;
742,0,Pop/Rock
743,0,Pop/Rock
744,2,Pop/Rock
745,1,R&B;
746,1,Pop/Rock
747,2,Jazz
748,0,Pop/Rock
749,1,Country
750,3,Reggae
751,2,Jazz
752,1,Country
753,2,Electronic
754,1,R&B;
755,0,Pop/Rock
756,2,Pop/Rock
757,2,Jazz
758,1,R&B;
759,2,Pop/Rock
760,2,Electronic
761,2,Stage & Screen
762,0,Pop/Rock
763,0,Pop/Rock
764,0,Pop/Rock
765,0,Pop/Rock
766,1,R&B;
767,8,International
768,2,Latin
769,1,R&B;
770,0,Pop/Rock
771,1,Pop/Rock
772,1,R&B;
773,3,Reggae
774,1,Folk
775,0,Pop/Rock
776,0,Pop/Rock
777,1,Pop/Rock
778,0,Pop/Rock
779,0,Pop/Rock
780,2,R&B;
781,0,Pop/Rock
782,1,Country
783,2,Jazz
784,1,R&B;
785,1,Religious
786,1,Pop/Rock
787,0,Pop/Rock
788,0,Pop/Rock
789,0,Pop/Rock
790,2,Electronic
791,2,International
792,2,Latin
793,1,R&B;
794,0,Pop/Rock
795,1,Pop/Rock
796,1,Pop/Rock
797,2,International
798,1,Pop/Rock
799,0,Pop/Rock
800,1,Country
801,1,Pop/Rock
802,0,Pop/Rock
803,1,Pop/Rock
804,1,Pop/Rock
805,7,International
806,0,Pop/Rock
807,1,Country
808,0,Pop/Rock
809,1,Pop/Rock
810,2,Pop/Rock
811,2,Jazz
812,0,Pop/Rock
813,1,R&B;
814,2,Jazz
815,1,Pop/Rock
816,0,Pop/Rock
817,1,Pop/Rock
818,1,Vocal
819,1,Country
820,1,Pop/Rock
821,0,Pop/Rock
822,0,Pop/Rock
823,0,Pop/Rock
824,1,Country
825,0,Pop/Rock
826,2,R&B;
827,0,Pop/Rock
828,1,Folk
829,1,Vocal
830,0,Pop/Rock
831,0,Pop/Rock
832,0,Pop/Rock
833,0,Folk
834,2,Latin
835,1,Country
836,0,Pop/Rock
837,0,Pop/Rock
838,1,R&B;
839,0,Pop/Rock
840,1,Religious
841,0,Pop/Rock
842,0,Pop/Rock
843,7,Religious
844,0,Pop/Rock
845,2,Pop/Rock
846,1,Blues
847,2,Pop/Rock
848,2,Electronic
849,0,Pop/Rock
850,2,Latin
851,1,Jazz
852,0,Pop/Rock
853,0,Pop/Rock
854,2,Jazz
855,1,R&B;
856,1,R&B;
857,1,R&B;
858,1,Folk
859,2,Jazz
860,0,Pop/Rock
861,2,Jazz
862,0,Pop/Rock
863,1,Vocal
864,1,R&B;
865,1,R&B;
866,0,Pop/Rock
867,2,Pop/Rock
868,2,Vocal
869,1,Pop/Rock
870,2,Jazz
871,2,Latin
872,2,Religious
873,2,International
874,2,Jazz
875,0,Pop/Rock
876,0,Pop/Rock
877,0,Electronic
878,2,Latin
879,0,Pop/Rock
880,0,Pop/Rock
881,2,Jazz
882,0,Pop/Rock
883,0,Pop/Rock
884,2,R&B;
885,2,International
886,0,Pop/Rock
887,0,Pop/Rock
888,2,R&B;
889,4,Comedy/Spoken
890,2,Country
891,1,R&B;
892,1,Country
893,1,Jazz
894,1,Pop/Rock
895,2,R&B;
896,0,Electronic
897,2,Jazz
898,2,R&B;
899,1,Country
900,0,Pop/Rock
901,2,Latin
902,1,R&B;
903,1,Pop/Rock
904,1,R&B;
905,1,Vocal
906,1,Religious
907,2,Latin
908,0,Pop/Rock
909,2,Latin
910,2,Latin
911,0,Pop/Rock
912,1,Folk
913,1,R&B;
914,0,Pop/Rock
915,0,Pop/Rock
916,1,Pop/Rock
917,2,Pop/Rock
918,2,Latin
919,0,Pop/Rock
920,0,Pop/Rock
921,0,Pop/Rock
922,0,Pop/Rock
923,3,Reggae
924,2,International
925,0,Pop/Rock
926,2,Pop/Rock
927,0,Pop/Rock
928,1,R&B;
929,1,Pop/Rock
930,0,Pop/Rock
931,2,Latin
932,2,Jazz
933,2,Latin
934,1,Pop/Rock
935,0,Pop/Rock
936,1,R&B;
937,2,Jazz
938,1,Vocal
939,1,Pop/Rock
940,1,Religious
941,1,Vocal
942,0,Pop/Rock
943,0,Pop/Rock
944,0,Pop/Rock
945,1,Folk
946,0,Pop/Rock
947,1,Pop/Rock
948,2,Jazz
949,2,Jazz
950,0,Pop/Rock
951,0,Pop/Rock
952,1,Blues
953,1,Pop/Rock
954,1,R&B;
955,1,R&B;
956,1,Blues
957,0,Pop/Rock
958,0,Pop/Rock
959,2,Pop/Rock
960,3,Reggae
961,1,R&B;
962,1,R&B;
963,1,Pop/Rock
964,1,R&B;
965,1,Pop/Rock
966,1,Country
967,2,Latin
968,1,R&B;
969,1,Country
970,1,Blues
971,1,R&B;
972,0,Pop/Rock
973,1,Pop/Rock
974,2,Latin
975,1,Country
976,1,R&B;
977,1,Pop/Rock
978,2,R&B;
979,1,Country
980,0,Pop/Rock
981,2,Jazz
982,0,Pop/Rock
983,1,Unknown
984,2,Jazz
985,1,Pop/Rock
986,2,Jazz
987,1,Pop/Rock
988,1,Pop/Rock
989,1,Pop/Rock
990,0,Pop/Rock
991,1,Latin
992,0,Pop/Rock
993,1,Pop/Rock
994,0,Pop/Rock
995,0,Comedy/Spoken
996,1,Pop/Rock
997,1,Pop/Rock
998,1,Pop/Rock
999,0,R&B;
1000,0,Pop/Rock
1001,2,Pop/Rock
1002,3,Reggae
1003,2,New Age
1004,5,Vocal
1005,0,Pop/Rock
1006,0,Pop/Rock
1007,0,Pop/Rock
1008,1,Pop/Rock
1009,2,International
1010,1,R&B;
1011,2,Reggae
1012,5,Pop/Rock
1013,1,Blues
1014,1,Pop/Rock
1015,1,R&B;
1016,0,Pop/Rock
1017,2,Jazz
1018,0,Pop/Rock
1019,1,R&B;
1020,1,Pop/Rock
1021,1,Pop/Rock
1022,2,Electronic
1023,0,Pop/Rock
1024,1,Country
1025,1,Country
1026,1,Pop/Rock
1027,0,Pop/Rock
1028,2,R&B;
1029,2,Pop/Rock
1030,0,Pop/Rock
1031,9,R&B;
1032,0,Pop/Rock
1033,5,Pop/Rock
1034,0,Latin
1035,1,Pop/Rock
1036,1,R&B;
1037,1,R&B;
1038,0,Pop/Rock
1039,0,Pop/Rock
1040,1,Pop/Rock
1041,2,Latin
1042,1,Country
1043,2,R&B;
1044,0,Electronic
1045,0,Pop/Rock
1046,0,Pop/Rock
1047,2,Jazz
1048,1,Pop/Rock
1049,1,R&B;
1050,1,Vocal
1051,1,Religious
1052,0,Pop/Rock
1053,2,Jazz
1054,1,R&B;
1055,0,Pop/Rock
1056,2,R&B;
1057,2,Pop/Rock
1058,0,Pop/Rock
1059,1,Vocal
1060,1,Pop/Rock
1061,1,Jazz
1062,0,Pop/Rock
1063,1,Pop/Rock
1064,3,Reggae
1065,0,Pop/Rock
1066,1,Country
1067,0,Pop/Rock
1068,0,Electronic
1069,1,Blues
1070,0,Pop/Rock
1071,1,R&B;
1072,0,Pop/Rock
1073,1,Pop/Rock
1074,2,R&B;
1075,3,Reggae
1076,1,Country
1077,2,Pop/Rock
1078,0,Pop/Rock
1079,1,Country
1080,1,Folk
1081,0,Pop/Rock
1082,2,R&B;
1083,3,Reggae
1084,0,Pop/Rock
1085,2,Jazz
1086,1,Pop/Rock
1087,0,Pop/Rock
1088,1,Country
1089,2,New Age
1090,0,Pop/Rock
1091,0,Pop/Rock
1092,1,Country
1093,1,Pop/Rock
1094,1,Pop/Rock
1095,2,R&B;
1096,1,Pop/Rock
1097,0,Pop/Rock
1098,1,Vocal
1099,1,Blues
1100,0,Pop/Rock
1101,1,Country
1102,1,Religious
1103,0,Pop/Rock
1104,1,Religious
1105,1,R&B;
1106,10,International
1107,1,Country
1108,2,Jazz
1109,1,R&B;
1110,0,Pop/Rock
1111,1,Pop/Rock
1112,0,Electronic
1113,2,Jazz
1114,2,Latin
1115,1,Pop/Rock
1116,1,Pop/Rock
1117,2,Stage & Screen
1118,0,Pop/Rock
1119,1,R&B;
1120,0,Pop/Rock
1121,1,Country
1122,1,R&B;
1123,0,Pop/Rock
1124,0,Pop/Rock
1125,1,Pop/Rock
1126,2,R&B;
1127,2,R&B;
1128,1,Blues
1129,2,Jazz
1130,0,Pop/Rock
1131,0,Pop/Rock
1132,2,Jazz
1133,0,Electronic
1134,1,Country
1135,1,Pop/Rock
1136,1,R&B;
1137,1,Jazz
1138,0,Pop/Rock
1139,2,Pop/Rock
1140,2,R&B;
1141,1,Pop/Rock
1142,1,R&B;
1143,0,Pop/Rock
1144,2,Pop/Rock
1145,0,Pop/Rock
1146,3,Reggae
1147,0,Pop/Rock
1148,1,Pop/Rock
1149,0,Pop/Rock
1150,0,R&B;
1151,1,R&B;
1152,1,R&B;
1153,0,Pop/Rock
1154,2,Jazz
1155,0,Pop/Rock
1156,2,International
1157,1,Blues
1158,0,Pop/Rock
1159,0,Pop/Rock
1160,1,Pop/Rock
1161,2,Latin
1162,2,Jazz
1163,1,Pop/Rock
1164,1,Country
1165,0,Pop/Rock
1166,2,Jazz
1167,0,Pop/Rock
1168,1,R&B;
1169,1,Vocal
1170,0,Pop/Rock
1171,3,Pop/Rock
1172,2,Latin
1173,0,Pop/Rock
1174,1,R&B;
1175,1,Country
1176,0,Pop/Rock
1177,0,Pop/Rock
1178,1,Jazz
1179,1,Pop/Rock
1180,0,Pop/Rock
1181,1,Country
1182,1,Vocal
1183,4,Comedy/Spoken
1184,2,Electronic
1185,0,Pop/Rock
1186,2,Jazz
1187,0,Pop/Rock
1188,1,R&B;
1189,0,New Age
1190,7,International
1191,2,Latin
1192,0,Pop/Rock
1193,1,Pop/Rock
1194,1,Country
1195,1,Country
1196,1,R&B;
1197,0,Pop/Rock
1198,1,Pop/Rock
1199,1,Pop/Rock
1200,0,Pop/Rock
1201,0,Pop/Rock
1202,2,Latin
1203,2,Jazz
1204,2,Jazz
1205,1,Folk
1206,1,Country
1207,0,Pop/Rock
1208,0,Pop/Rock
1209,2,Pop/Rock
1210,0,Electronic
1211,1,Pop/Rock
1212,1,R&B;
1213,1,R&B;
1214,1,R&B;
1215,2,Jazz
1216,2,R&B;
1217,1,Country
1218,0,Pop/Rock
1219,1,Pop/Rock
1220,2,Electronic
1221,1,Pop/Rock
1222,0,Electronic
1223,3,Reggae
1224,0,Pop/Rock
1225,0,Pop/Rock
1226,0,Pop/Rock
1227,1,Religious
1228,0,Pop/Rock
1229,1,R&B;
1230,1,R&B;
1231,0,Pop/Rock
1232,1,Folk
1233,2,Stage & Screen
1234,1,Pop/Rock
1235,0,Pop/Rock
1236,2,Jazz
1237,1,R&B;
1238,0,Electronic
1239,1,Blues
1240,0,Pop/Rock
1241,2,Stage & Screen
1242,1,Vocal
1243,2,Jazz
1244,1,Jazz
1245,1,Country
1246,1,R&B;
1247,0,Pop/Rock
1248,0,Pop/Rock
1249,2,Classical
1250,0,Pop/Rock
1251,2,Pop/Rock
1252,2,Latin
1253,1,Country
1254,0,Pop/Rock
1255,2,R&B;
1256,2,Pop/Rock
1257,2,Pop/Rock
1258,1,Religious
1259,2,Pop/Rock
1260,1,R&B;
1261,2,Jazz
1262,1,Country
1263,1,Pop/Rock
1264,1,Pop/Rock
1265,0,Pop/Rock
1266,1,Pop/Rock
1267,2,Pop/Rock
1268,0,Pop/Rock
1269,0,Pop/Rock
1270,0,Pop/Rock
1271,1,Folk
1272,0,Pop/Rock
1273,1,Pop/Rock
1274,1,Pop/Rock
1275,0,Pop/Rock
1276,0,Pop/Rock
1277,7,Religious
1278,1,Religious
1279,0,Pop/Rock
1280,0,Pop/Rock
1281,0,Pop/Rock
1282,0,Pop/Rock
1283,1,Country
1284,2,Jazz
1285,3,Reggae
1286,1,Country
1287,2,R&B;
1288,2,New Age
1289,0,Pop/Rock
1290,1,Pop/Rock
1291,1,Pop/Rock
1292,0,Pop/Rock
1293,2,Latin
1294,0,Pop/Rock
1295,2,Electronic
1296,0,Electronic
1297,1,Pop/Rock
1298,7,Religious
1299,1,R&B;
1300,2,International
1301,0,Pop/Rock
1302,2,Pop/Rock
1303,0,Pop/Rock
1304,1,Country
1305,2,Jazz
1306,0,Pop/Rock
1307,2,Jazz
1308,3,Reggae
1309,1,R&B;
1310,1,R&B;
1311,1,Vocal
1312,3,Reggae
1313,2,Latin
1314,1,Pop/Rock
1315,3,Reggae
1316,2,Jazz
1317,1,Country
1318,2,Latin
1319,1,R&B;
1320,0,Pop/Rock
1321,1,Pop/Rock
1322,0,Latin
1323,1,Country
1324,1,Country
1325,2,Jazz
1326,2,International
1327,1,R&B;
1328,1,Vocal
1329,0,Pop/Rock
1330,0,Pop/Rock
1331,1,Country
1332,1,R&B;
1333,0,Pop/Rock
1334,0,Pop/Rock
1335,1,Pop/Rock
1336,2,Latin
1337,0,Pop/Rock
1338,1,Country
1339,1,Stage & Screen
1340,1,R&B;
1341,1,R&B;
1342,1,R&B;
1343,0,Pop/Rock
1344,0,Pop/Rock
1345,0,Pop/Rock
1346,1,R&B;
1347,0,Pop/Rock
1348,1,Pop/Rock
1349,1,R&B;
1350,1,Reggae
1351,0,Pop/Rock
1352,1,Religious
1353,1,R&B;
1354,0,Pop/Rock
1355,0,Pop/Rock
1356,1,R&B;
1357,1,Pop/Rock
1358,0,Pop/Rock
1359,0,Pop/Rock
1360,0,Pop/Rock
1361,1,Country
1362,3,Reggae
1363,1,Pop/Rock
1364,2,Jazz
1365,2,Latin
1366,1,Pop/Rock
1367,0,International
1368,1,Pop/Rock
1369,0,Pop/Rock
1370,2,Jazz
1371,1,Pop/Rock
1372,2,Latin
1373,0,Pop/Rock
1374,0,Pop/Rock
1375,0,Pop/Rock
1376,2,R&B;
1377,0,R&B;
1378,2,Stage & Screen
1379,1,Pop/Rock
1380,0,Pop/Rock
1381,0,Pop/Rock
1382,0,Pop/Rock
1383,1,Pop/Rock
1384,1,R&B;
1385,0,Pop/Rock
1386,1,R&B;
1387,0,Pop/Rock
1388,2,Jazz
1389,0,Pop/Rock
1390,1,Folk
1391,1,R&B;
1392,2,Electronic
1393,0,Pop/Rock
1394,3,Reggae
1395,1,Country
1396,2,Latin
1397,1,Pop/Rock
1398,1,R&B;
1399,1,Blues
1400,2,Jazz
1401,1,R&B;
1402,2,Easy Listening
1403,0,Pop/Rock
1404,2,Stage & Screen
1405,1,Pop/Rock
1406,0,Pop/Rock
1407,1,R&B;
1408,2,Jazz
1409,3,Pop/Rock
1410,1,R&B;
1411,1,Folk
1412,0,Pop/Rock
1413,2,Jazz
1414,0,Pop/Rock
1415,2,Jazz
1416,1,Pop/Rock
1417,2,Folk
1418,2,Latin
1419,1,Vocal
1420,3,Reggae
1421,3,Reggae
1422,1,Pop/Rock
1423,0,Pop/Rock
1424,0,Pop/Rock
1425,0,Pop/Rock
1426,2,Jazz
1427,0,Pop/Rock
1428,2,Latin
1429,2,Vocal
1430,1,Country
1431,1,Vocal
1432,2,Jazz
1433,0,Pop/Rock
1434,1,Pop/Rock
1435,3,Reggae
1436,0,Pop/Rock
1437,1,Pop/Rock
1438,0,Pop/Rock
1439,1,Pop/Rock
1440,2,Jazz
1441,1,Pop/Rock
1442,0,Pop/Rock
1443,5,Pop/Rock
1444,1,Pop/Rock
1445,0,Pop/Rock
1446,2,Stage & Screen
1447,2,Pop/Rock
1448,1,Country
1449,0,Pop/Rock
1450,0,Pop/Rock
1451,0,Pop/Rock
1452,2,R&B;
1453,2,Jazz
1454,0,Pop/Rock
1455,1,Pop/Rock
1456,3,Reggae
1457,0,Pop/Rock
1458,1,Jazz
1459,1,Country
1460,1,Pop/Rock
1461,2,Pop/Rock
1462,1,R&B;
1463,1,Country
1464,2,Jazz
1465,1,Blues
1466,1,Pop/Rock
1467,0,Pop/Rock
1468,0,Pop/Rock
1469,3,Latin
1470,2,Electronic
1471,2,New Age
1472,1,Latin
1473,3,Reggae
1474,3,Reggae
1475,0,Electronic
1476,0,Pop/Rock
1477,1,Religious
1478,0,Pop/Rock
1479,1,Electronic
1480,2,Pop/Rock
1481,0,Pop/Rock
1482,1,Pop/Rock
1483,1,Pop/Rock
1484,0,Pop/Rock
1485,0,Pop/Rock
1486,2,Jazz
1487,1,R&B;
1488,0,Pop/Rock
1489,3,Reggae
1490,0,Pop/Rock
1491,1,Folk
1492,1,Pop/Rock
1493,1,Pop/Rock
1494,1,Pop/Rock
1495,1,Latin
1496,2,Jazz
1497,2,Pop/Rock
1498,2,Jazz
1499,1,Classical
1500,1,Country
1501,1,R&B;
1502,0,Pop/Rock
1503,1,Pop/Rock
1504,0,Pop/Rock
1505,1,R&B;
1506,1,Pop/Rock
1507,2,Pop/Rock
1508,1,Pop/Rock
1509,0,Pop/Rock
1510,3,Pop/Rock
1511,2,Vocal
1512,0,Pop/Rock
1513,1,R&B;
1514,1,Pop/Rock
1515,1,R&B;
1516,0,Pop/Rock
1517,2,Pop/Rock
1518,1,Pop/Rock
1519,0,Pop/Rock
1520,1,Pop/Rock
1521,1,International
1522,0,Pop/Rock
1523,1,Pop/Rock
1524,0,Pop/Rock
1525,0,Classical
1526,0,Pop/Rock
1527,1,Pop/Rock
1528,2,Jazz
1529,1,Country
1530,7,International
1531,0,Pop/Rock
1532,2,Jazz
1533,1,Religious
1534,0,Pop/Rock
1535,1,Vocal
1536,2,Latin
1537,2,Electronic
1538,0,Pop/Rock
1539,1,Country
1540,0,Pop/Rock
1541,2,R&B;
1542,0,Pop/Rock
1543,0,New Age
1544,0,Pop/Rock
1545,0,Pop/Rock
1546,1,Country
1547,0,Pop/Rock
1548,1,Country
1549,0,Pop/Rock
1550,1,Vocal
1551,3,Pop/Rock
1552,0,Pop/Rock
1553,1,Country
1554,1,Pop/Rock
1555,2,Latin
1556,1,Pop/Rock
1557,0,Pop/Rock
1558,0,Pop/Rock
1559,0,Pop/Rock
1560,1,Pop/Rock
1561,1,Blues
1562,7,Pop/Rock
1563,0,Avant-Garde
1564,0,Pop/Rock
1565,0,Pop/Rock
1566,0,Pop/Rock
1567,0,Pop/Rock
1568,1,Pop/Rock
1569,0,R&B;
1570,2,Latin
1571,0,Pop/Rock
1572,2,Jazz
1573,1,R&B;
1574,1,Pop/Rock
1575,1,Country
1576,2,Jazz
1577,0,Pop/Rock
1578,3,Reggae
1579,2,Stage & Screen
1580,2,Latin
1581,1,Country
1582,0,Electronic
1583,1,Vocal
1584,0,Pop/Rock
1585,1,Country
1586,2,Jazz
1587,2,Jazz
1588,0,New Age
1589,3,Reggae
1590,3,Reggae
1591,1,R&B;
1592,1,Country
1593,0,Pop/Rock
1594,2,Jazz
1595,1,Country
1596,0,Pop/Rock
1597,0,Pop/Rock
1598,0,Pop/Rock
1599,1,Blues
1600,2,Jazz
1601,2,Latin
1602,1,R&B;
1603,2,Pop/Rock
1604,2,Jazz
1605,0,Pop/Rock
1606,0,Pop/Rock
1607,1,Pop/Rock
1608,1,Folk
1609,1,R&B;
1610,1,Country
1611,0,Pop/Rock
1612,0,Pop/Rock
1613,1,R&B;
1614,0,Pop/Rock
1615,0,Pop/Rock
1616,2,Electronic
1617,1,Vocal
1618,2,Jazz
1619,0,Pop/Rock
1620,0,Pop/Rock
1621,1,Pop/Rock
1622,1,Pop/Rock
1623,0,Pop/Rock
1624,1,Country
1625,0,Pop/Rock
1626,2,Latin
1627,0,Pop/Rock
1628,1,Pop/Rock
1629,1,Pop/Rock
1630,1,Pop/Rock
1631,0,Pop/Rock
1632,1,Religious
1633,2,International
1634,2,R&B;
1635,3,Pop/Rock
1636,1,Vocal
1637,1,Country
1638,2,Jazz
1639,0,Electronic
1640,1,Vocal
1641,1,Country
1642,1,Folk
1643,1,Country
1644,1,Blues
1645,2,Pop/Rock
1646,2,Latin
1647,1,Vocal
1648,0,Pop/Rock
1649,5,Vocal
1650,1,R&B;
1651,1,Pop/Rock
1652,3,Pop/Rock
1653,1,R&B;
1654,0,Pop/Rock
1655,1,R&B;
1656,1,Pop/Rock
1657,1,Country
1658,1,Country
1659,1,Pop/Rock
1660,0,Pop/Rock
1661,1,Blues
1662,1,Folk
1663,1,Country
1664,2,Jazz
1665,1,Easy Listening
1666,0,Pop/Rock
1667,1,Pop/Rock
1668,2,Jazz
1669,1,R&B;
1670,1,Country
1671,1,Vocal
1672,1,Country
1673,1,Pop/Rock
1674,0,Pop/Rock
1675,1,Pop/Rock
1676,0,Pop/Rock
1677,0,Pop/Rock
1678,1,Religious
1679,1,Pop/Rock
1680,2,Jazz
1681,1,Country
1682,2,Jazz
1683,1,Pop/Rock
1684,2,Pop/Rock
1685,1,Country
1686,5,Pop/Rock
1687,2,R&B;
1688,1,Pop/Rock
1689,3,Reggae
1690,2,R&B;
1691,0,Pop/Rock
1692,2,Jazz
1693,0,Pop/Rock
1694,0,Classical
1695,1,Pop/Rock
1696,2,Latin
1697,0,Pop/Rock
1698,1,Jazz
1699,2,Pop/Rock
1700,0,Pop/Rock
1701,4,Comedy/Spoken
1702,1,Pop/Rock
1703,0,Pop/Rock
1704,1,Blues
1705,0,Pop/Rock
1706,2,Jazz
1707,1,Vocal
1708,2,Jazz
1709,1,Pop/Rock
1710,1,Vocal
1711,1,Pop/Rock
1712,0,Pop/Rock
1713,3,Reggae
1714,0,Pop/Rock
1715,0,Electronic
1716,0,Pop/Rock
1717,0,Pop/Rock
1718,0,Pop/Rock
1719,0,Pop/Rock
1720,2,Jazz
1721,1,Pop/Rock
1722,1,R&B;
1723,2,Jazz
1724,1,Country
1725,0,Pop/Rock
1726,0,Electronic
1727,1,Country
1728,1,Pop/Rock
1729,1,R&B;
1730,1,Pop/Rock
1731,2,Jazz
1732,1,Pop/Rock
1733,1,R&B;
1734,1,Pop/Rock
1735,1,Pop/Rock
1736,0,Pop/Rock
1737,1,Pop/Rock
1738,1,R&B;
1739,2,Jazz
1740,1,Blues
1741,2,Pop/Rock
1742,1,Pop/Rock
1743,1,R&B;
1744,0,Pop/Rock
1745,1,Country
1746,2,Jazz
1747,1,R&B;
1748,1,R&B;
1749,0,Pop/Rock
1750,1,Pop/Rock
1751,4,Comedy/Spoken
1752,2,Jazz
1753,2,Jazz
1754,1,Vocal
1755,1,Pop/Rock
1756,2,Jazz
1757,1,Country
1758,2,Latin
1759,0,Pop/Rock
1760,1,Vocal
1761,1,Vocal
1762,2,Latin
1763,7,Religious
1764,1,Pop/Rock
1765,1,Pop/Rock
1766,2,Pop/Rock
1767,2,Jazz
1768,2,Electronic
1769,1,Vocal
1770,0,Pop/Rock
1771,1,Country
1772,0,Pop/Rock
1773,2,Jazz
1774,0,Pop/Rock
1775,1,Pop/Rock
1776,1,Pop/Rock
1777,0,Pop/Rock
1778,1,Pop/Rock
1779,1,R&B;
1780,5,Pop/Rock
1781,0,Pop/Rock
1782,2,Jazz
1783,2,Latin
1784,1,Country
1785,1,Pop/Rock
1786,2,Electronic
1787,1,Pop/Rock
1788,0,Pop/Rock
1789,1,Pop/Rock
1790,1,Pop/Rock
1791,1,Pop/Rock
1792,0,Pop/Rock
1793,1,Pop/Rock
1794,2,Jazz
1795,3,Reggae
1796,1,Country
1797,2,Latin
1798,0,Pop/Rock
1799,2,Latin
1800,1,Vocal
1801,3,Reggae
1802,1,Pop/Rock
1803,0,Pop/Rock
1804,1,Pop/Rock
1805,0,Pop/Rock
1806,0,Electronic
1807,2,Latin
1808,0,Latin
1809,1,Country
1810,1,Pop/Rock
1811,0,Pop/Rock
1812,0,Pop/Rock
1813,1,Country
1814,2,Jazz
1815,0,Electronic
1816,1,Pop/Rock
1817,2,R&B;
1818,0,Pop/Rock
1819,0,Pop/Rock
1820,0,Pop/Rock
1821,0,Pop/Rock
1822,1,Country
1823,0,Pop/Rock
1824,1,Pop/Rock
1825,0,Pop/Rock
1826,0,Pop/Rock
1827,1,Folk
1828,0,Pop/Rock
1829,0,Pop/Rock
1830,0,Pop/Rock
1831,3,Reggae
1832,2,Jazz
1833,0,Pop/Rock
1834,1,Pop/Rock
1835,1,Pop/Rock
1836,2,Pop/Rock
1837,0,Pop/Rock
1838,0,Pop/Rock
1839,1,Jazz
1840,1,Jazz
1841,4,Comedy/Spoken
1842,1,Blues
1843,0,Pop/Rock
1844,3,International
1845,0,Pop/Rock
1846,2,Pop/Rock
1847,2,Jazz
1848,1,R&B;
1849,2,Pop/Rock
1850,2,Jazz
1851,1,Country
1852,1,Folk
1853,1,Country
1854,2,Pop/Rock
1855,1,Religious
1856,2,Jazz
1857,2,Jazz
1858,2,Jazz
1859,0,Pop/Rock
1860,1,R&B;
1861,0,Pop/Rock
1862,2,Jazz
1863,0,Pop/Rock
1864,0,Pop/Rock
1865,2,Jazz
1866,1,Vocal
1867,0,Pop/Rock
1868,0,Pop/Rock
1869,4,Comedy/Spoken
1870,1,Folk
1871,0,Pop/Rock
1872,2,Pop/Rock
1873,1,Pop/Rock
1874,3,Reggae
1875,0,Pop/Rock
1876,3,International
1877,2,Religious
1878,2,Latin
1879,0,Pop/Rock
1880,2,Pop/Rock
1881,1,R&B;
1882,1,Folk
1883,2,Stage & Screen
1884,0,Pop/Rock
1885,0,Pop/Rock
1886,1,Country
1887,1,R&B;
1888,1,Vocal
1889,0,Pop/Rock
1890,1,Pop/Rock
1891,0,Pop/Rock
1892,1,R&B;
1893,3,Reggae
1894,2,Jazz
1895,1,Pop/Rock
1896,1,Country
1897,2,Jazz
1898,1,Country
1899,1,R&B;
1900,2,Pop/Rock
1901,0,Pop/Rock
1902,2,Jazz
1903,2,Pop/Rock
1904,1,International
1905,2,Pop/Rock
1906,1,Country
1907,2,Pop/Rock
1908,2,Pop/Rock
1909,1,R&B;
1910,4,Comedy/Spoken
1911,0,Pop/Rock
1912,0,Pop/Rock
1913,1,Blues
1914,2,Blues
1915,1,R&B;
1916,0,Pop/Rock
1917,1,Blues
1918,1,Religious
1919,1,Pop/Rock
1920,1,Classical
1921,0,Pop/Rock
1922,1,Pop/Rock
1923,1,Blues
1924,1,Pop/Rock
1925,2,Latin
1926,1,Country
1927,1,Pop/Rock
1928,2,Pop/Rock
1929,0,Pop/Rock
1930,1,Pop/Rock
1931,1,Pop/Rock
1932,2,R&B;
1933,0,Pop/Rock
1934,0,Electronic
1935,0,Pop/Rock
1936,1,Pop/Rock
1937,0,Pop/Rock
1938,1,Blues
1939,1,Blues
1940,0,Pop/Rock
1941,3,Reggae
1942,2,Jazz
1943,2,Jazz
1944,0,Pop/Rock
1945,1,Pop/Rock
1946,2,International
1947,1,Country
1948,1,R&B;
1949,2,Jazz
1950,5,Vocal
1951,1,R&B;
1952,2,R&B;
1953,0,Pop/Rock
1954,1,Vocal
1955,0,Pop/Rock
1956,1,Pop/Rock
1957,1,R&B;
1958,1,Folk
1959,1,Country
1960,4,Comedy/Spoken
1961,2,Latin
1962,4,Comedy/Spoken
1963,0,New Age
1964,2,Pop/Rock
1965,1,Country
1966,2,Jazz
1967,2,Jazz
1968,1,Country
1969,1,Pop/Rock
1970,2,R&B;
1971,1,Pop/Rock
1972,2,Jazz
1973,0,Pop/Rock
1974,1,R&B;
1975,3,Reggae
1976,1,Vocal
1977,2,Pop/Rock
1978,2,Latin
1979,0,Pop/Rock
1980,0,Pop/Rock
1981,0,Pop/Rock
1982,1,R&B;
1983,0,Pop/Rock
1984,1,Vocal
1985,2,Jazz
1986,2,Latin
1987,1,Pop/Rock
1988,2,Latin
1989,3,Reggae
1990,1,Country
1991,2,Easy Listening
1992,1,Pop/Rock
1993,1,Folk
1994,2,Latin
1995,0,Pop/Rock
1996,0,Pop/Rock
1997,2,Jazz
1998,0,Electronic
1999,0,Pop/Rock
2000,0,Pop/Rock
2001,1,Country
2002,2,Blues
2003,0,Pop/Rock
2004,1,Country
2005,4,Electronic
2006,3,Reggae
2007,1,Pop/Rock
2008,0,Pop/Rock
2009,0,Pop/Rock
2010,1,R&B;
2011,3,Reggae
2012,2,Jazz
2013,0,Pop/Rock
2014,3,Reggae
2015,1,Vocal
2016,1,R&B;
2017,1,Pop/Rock
2018,0,Electronic
2019,0,Pop/Rock
2020,0,Pop/Rock
2021,2,Electronic
2022,1,Country
2023,7,International
2024,0,Pop/Rock
2025,1,Vocal
2026,1,Pop/Rock
2027,1,R&B;
2028,0,Pop/Rock
2029,1,International
2030,2,Reggae
2031,1,Pop/Rock
2032,0,Pop/Rock
2033,1,Vocal
2034,2,Pop/Rock
2035,1,Country
2036,1,Pop/Rock
2037,0,Pop/Rock
2038,1,Jazz
2039,3,Reggae
2040,0,Pop/Rock
2041,2,Pop/Rock
2042,2,Jazz
2043,0,Pop/Rock
2044,0,Pop/Rock
2045,1,Pop/Rock
2046,2,Jazz
2047,2,Pop/Rock
2048,1,Vocal
2049,1,Vocal
2050,1,R&B;
2051,0,Pop/Rock
2052,2,Jazz
2053,1,R&B;
2054,0,Pop/Rock
2055,2,R&B;
2056,1,Pop/Rock
2057,0,Pop/Rock
2058,1,R&B;
2059,0,Pop/Rock
2060,1,Country
2061,2,R&B;
2062,2,Jazz
2063,0,Pop/Rock
2064,0,Pop/Rock
2065,0,Pop/Rock
2066,1,R&B;
2067,2,R&B;
2068,3,Electronic
2069,5,Pop/Rock
2070,3,International
2071,2,Jazz
2072,0,Pop/Rock
2073,0,Pop/Rock
2074,1,Vocal
2075,1,Vocal
2076,0,Pop/Rock
2077,0,Pop/Rock
2078,0,Pop/Rock
2079,0,Pop/Rock
2080,0,Pop/Rock
2081,2,Reggae
2082,2,Jazz
2083,1,Pop/Rock
2084,1,R&B;
2085,1,Pop/Rock
2086,0,Pop/Rock
2087,1,Pop/Rock
2088,0,Pop/Rock
2089,0,Folk
2090,3,Reggae
2091,0,Pop/Rock
2092,1,Pop/Rock
2093,1,Pop/Rock
2094,1,Pop/Rock
2095,1,Pop/Rock
2096,2,R&B;
2097,1,R&B;
2098,1,Country
2099,1,Folk
2100,0,Pop/Rock
2101,1,R&B;
2102,0,Pop/Rock
2103,2,Vocal
2104,2,Jazz
2105,2,Latin
2106,2,Country
2107,2,R&B;
2108,2,Latin
2109,1,Pop/Rock
2110,1,Pop/Rock
2111,0,Pop/Rock
2112,1,Country
2113,1,Country
2114,1,R&B;
2115,1,Country
2116,1,Latin
2117,1,Pop/Rock
2118,0,Pop/Rock
2119,1,International
2120,1,R&B;
2121,2,Vocal
2122,2,Pop/Rock
2123,1,Jazz
2124,1,Vocal
2125,2,Jazz
2126,1,Vocal
2127,1,Folk
2128,2,Latin
2129,1,R&B;
2130,1,Blues
2131,1,Pop/Rock
2132,1,Vocal
2133,1,Pop/Rock
2134,2,R&B;
2135,2,Jazz
2136,1,Blues
2137,1,R&B;
2138,1,Jazz
2139,11,Pop/Rock
2140,2,Jazz
2141,1,Pop/Rock
2142,1,Pop/Rock
2143,2,Pop/Rock
2144,0,Pop/Rock
2145,1,Country
2146,2,Latin
2147,4,Comedy/Spoken
2148,1,Country
2149,2,Stage & Screen
2150,2,Latin
2151,1,Pop/Rock
2152,1,Country
2153,1,Pop/Rock
2154,1,R&B;
2155,3,Reggae
2156,1,R&B;
2157,1,Pop/Rock
2158,0,Pop/Rock
2159,0,Pop/Rock
2160,1,Pop/Rock
2161,0,Pop/Rock
2162,1,Country
2163,7,Religious
2164,2,Jazz
2165,1,R&B;
2166,1,Pop/Rock
2167,1,Folk
2168,0,Pop/Rock
2169,1,International
2170,1,R&B;
2171,0,Pop/Rock
2172,1,Country
2173,1,Pop/Rock
2174,1,Pop/Rock
2175,2,Latin
2176,1,Pop/Rock
2177,1,Country
2178,1,Pop/Rock
2179,0,New Age
2180,1,Country
2181,2,Latin
2182,2,Jazz
2183,0,Pop/Rock
2184,1,Country
2185,1,Folk
2186,1,Pop/Rock
2187,2,Pop/Rock
2188,1,Country
2189,2,Latin
2190,4,Comedy/Spoken
2191,0,Pop/Rock
2192,1,Pop/Rock
2193,1,Pop/Rock
2194,1,Jazz
2195,4,Comedy/Spoken
2196,1,Pop/Rock
2197,2,Latin
2198,0,Pop/Rock
2199,1,Religious
2200,2,Latin
2201,1,Pop/Rock
2202,2,Jazz
2203,0,Pop/Rock
2204,1,Pop/Rock
2205,0,Pop/Rock
2206,3,Reggae
2207,2,Pop/Rock
2208,1,R&B;
2209,1,R&B;
2210,1,Country
2211,2,Jazz
2212,0,Pop/Rock
2213,2,Pop/Rock
2214,2,Jazz
2215,0,Pop/Rock
2216,0,Pop/Rock
2217,0,Pop/Rock
2218,2,R&B;
2219,2,Latin
2220,2,Latin
2221,0,Pop/Rock
2222,1,Country
2223,0,Pop/Rock
2224,1,Vocal
2225,1,Pop/Rock
2226,2,R&B;
2227,0,Electronic
2228,1,Country
2229,0,Pop/Rock
2230,0,Pop/Rock
2231,1,Folk
2232,1,Pop/Rock
2233,3,Reggae
2234,0,Pop/Rock
2235,4,Comedy/Spoken
2236,1,Folk
2237,2,Pop/Rock
2238,1,Pop/Rock
2239,1,Vocal
2240,2,Latin
2241,1,Country
2242,1,Pop/Rock
2243,1,Country
2244,1,Pop/Rock
2245,1,Folk
2246,0,Pop/Rock
2247,2,Pop/Rock
2248,0,Pop/Rock
2249,2,Pop/Rock
2250,0,Pop/Rock
2251,1,Pop/Rock
2252,0,Pop/Rock
2253,0,Pop/Rock
2254,2,Pop/Rock
2255,0,Pop/Rock
2256,2,Pop/Rock
2257,0,Pop/Rock
2258,0,Pop/Rock
2259,0,Pop/Rock
2260,1,R&B;
2261,0,Pop/Rock
2262,2,R&B;
2263,1,Folk
2264,2,Jazz
2265,0,Pop/Rock
2266,0,Pop/Rock
2267,0,Pop/Rock
2268,1,Blues
2269,0,Pop/Rock
2270,1,Country
2271,2,Latin
2272,1,Country
2273,0,Pop/Rock
2274,0,Pop/Rock
2275,1,Blues
2276,0,Pop/Rock
2277,1,R&B;
2278,1,R&B;
2279,3,Reggae
2280,2,Electronic
2281,3,Reggae
2282,1,R&B;
2283,10,International
2284,2,R&B;
2285,0,Pop/Rock
2286,3,Reggae
2287,0,Electronic
2288,0,Pop/Rock
2289,1,Stage & Screen
2290,1,Pop/Rock
2291,0,Pop/Rock
2292,0,Pop/Rock
2293,2,R&B;
2294,2,Easy Listening
2295,1,Blues
2296,0,Electronic
2297,1,Pop/Rock
2298,0,Pop/Rock
2299,0,Pop/Rock
2300,0,Pop/Rock
2301,1,Pop/Rock
2302,1,Country
2303,1,Folk
2304,1,Pop/Rock
2305,0,Latin
2306,0,Pop/Rock
2307,0,Pop/Rock
2308,0,New Age
2309,1,R&B;
2310,0,Pop/Rock
2311,0,Latin
2312,1,R&B;
2313,1,R&B;
2314,1,Country
2315,2,Latin
2316,0,Pop/Rock
2317,0,Pop/Rock
2318,7,International
2319,1,Pop/Rock
2320,2,Easy Listening
2321,0,Pop/Rock
2322,2,Latin
2323,2,Latin
2324,1,Blues
2325,1,R&B;
2326,0,Pop/Rock
2327,0,Pop/Rock
2328,5,Stage & Screen
2329,0,Pop/Rock
2330,2,Pop/Rock
2331,1,International
2332,1,Pop/Rock
2333,0,Pop/Rock
2334,2,Latin
2335,2,Jazz
2336,1,Stage & Screen
2337,1,Vocal
2338,1,Country
2339,1,Pop/Rock
2340,1,R&B;
2341,1,Country
2342,0,Pop/Rock
2343,2,Electronic
2344,2,Latin
2345,0,Pop/Rock
2346,1,Vocal
2347,0,Pop/Rock
2348,0,Pop/Rock
2349,1,Jazz
2350,1,Pop/Rock
2351,2,Latin
2352,0,Pop/Rock
2353,1,R&B;
2354,1,Jazz
2355,1,R&B;
2356,1,Folk
2357,1,Pop/Rock
2358,0,Pop/Rock
2359,7,Pop/Rock
2360,2,Pop/Rock
2361,0,Pop/Rock
2362,1,Country
2363,0,Pop/Rock
2364,0,Pop/Rock
2365,1,R&B;
2366,0,Pop/Rock
2367,2,Pop/Rock
2368,1,Pop/Rock
2369,0,Pop/Rock
2370,0,Pop/Rock
2371,1,R&B;
2372,1,Country
2373,0,Pop/Rock
2374,2,R&B;
2375,1,Pop/Rock
2376,7,Religious
2377,2,Easy Listening
2378,1,Folk
2379,1,Country
2380,0,Pop/Rock
2381,0,Comedy/Spoken
2382,2,R&B;
2383,0,Pop/Rock
2384,0,Pop/Rock
2385,0,Pop/Rock
2386,1,Vocal
2387,1,R&B;
2388,0,Pop/Rock
2389,1,Pop/Rock
2390,0,Religious
2391,0,Pop/Rock
2392,2,Latin
2393,1,Country
2394,0,Pop/Rock
2395,1,Country
2396,1,Pop/Rock
2397,2,Stage & Screen
2398,3,Reggae
2399,0,Pop/Rock
2400,1,Pop/Rock
2401,1,Folk
2402,1,R&B;
2403,1,Pop/Rock
2404,0,Pop/Rock
2405,1,R&B;
2406,0,Pop/Rock
2407,0,Pop/Rock
2408,0,Pop/Rock
2409,0,Pop/Rock
2410,1,R&B;
2411,1,Pop/Rock
2412,2,Jazz
2413,2,Stage & Screen
2414,1,Folk
2415,0,Pop/Rock
2416,1,Country
2417,2,Jazz
2418,2,New Age
2419,1,Pop/Rock
2420,2,Pop/Rock
2421,2,Jazz
2422,1,Folk
2423,1,Pop/Rock
2424,1,R&B;
2425,0,Pop/Rock
2426,1,R&B;
2427,1,Pop/Rock
2428,0,New Age
2429,1,R&B;
2430,1,Folk
2431,2,Stage & Screen
2432,0,Pop/Rock
2433,0,Pop/Rock
2434,0,Pop/Rock
2435,1,Country
2436,0,Pop/Rock
2437,3,Reggae
2438,0,Pop/Rock
2439,0,Pop/Rock
2440,2,Pop/Rock
2441,1,Country
2442,1,Country
2443,2,Jazz
2444,1,Country
2445,0,Pop/Rock
2446,2,Jazz
2447,0,Pop/Rock
2448,2,Latin
2449,0,Pop/Rock
2450,2,Jazz
2451,1,Pop/Rock
2452,1,Country
2453,2,Latin
2454,1,Blues
2455,1,Country
2456,1,Religious
2457,2,Jazz
2458,1,Latin
2459,1,Vocal
2460,1,Pop/Rock
2461,0,Pop/Rock
2462,1,Pop/Rock
2463,1,Pop/Rock
2464,0,Pop/Rock
2465,2,R&B;
2466,1,Country
2467,1,Country
2468,1,Blues
2469,2,Latin
2470,1,Country
2471,0,Pop/Rock
2472,1,Country
2473,0,Pop/Rock
2474,1,Folk
2475,4,Comedy/Spoken
2476,1,R&B;
2477,1,R&B;
2478,0,Pop/Rock
2479,0,Pop/Rock
2480,2,Jazz
2481,0,Pop/Rock
2482,0,Pop/Rock
2483,1,Vocal
2484,1,Country
2485,0,Pop/Rock
2486,7,Religious
2487,2,Jazz
2488,1,Pop/Rock
2489,1,Pop/Rock
2490,2,Jazz
2491,0,Pop/Rock
2492,2,Pop/Rock
2493,1,Vocal
2494,0,Pop/Rock
2495,2,Jazz
2496,0,Pop/Rock
2497,0,Pop/Rock
2498,0,Pop/Rock
2499,1,Pop/Rock
2500,1,Pop/Rock
2501,1,Pop/Rock
2502,1,Country
2503,1,Country
2504,0,Pop/Rock
2505,0,Pop/Rock
2506,0,Pop/Rock
2507,1,Country
2508,1,Pop/Rock
2509,2,Jazz
2510,1,Pop/Rock
2511,0,Pop/Rock
2512,2,R&B;
2513,2,Jazz
2514,3,Reggae
2515,2,Latin
2516,1,Blues
2517,1,R&B;
2518,0,Pop/Rock
2519,1,Country
2520,1,Country
2521,0,Pop/Rock
2522,0,Pop/Rock
2523,0,Latin
2524,0,Pop/Rock
2525,7,Religious
2526,2,Pop/Rock
2527,1,Pop/Rock
2528,1,Pop/Rock
2529,2,Jazz
2530,0,Pop/Rock
2531,0,Pop/Rock
2532,0,Pop/Rock
2533,1,Country
2534,0,Pop/Rock
2535,0,Pop/Rock
2536,1,R&B;
2537,1,Vocal
2538,2,Jazz
2539,0,Pop/Rock
2540,1,R&B;
2541,1,Country
2542,1,Jazz
2543,0,Pop/Rock
2544,0,Pop/Rock
2545,1,Pop/Rock
2546,2,Latin
2547,0,Pop/Rock
2548,1,Pop/Rock
2549,1,Pop/Rock
2550,2,Jazz
2551,0,Pop/Rock
2552,1,Reggae
2553,7,New Age
2554,1,R&B;
2555,2,Pop/Rock
2556,1,Pop/Rock
2557,3,Latin
2558,2,Jazz
2559,2,R&B;
2560,0,Pop/Rock
2561,2,R&B;
2562,1,Country
2563,1,Latin
2564,0,Pop/Rock
2565,2,Latin
2566,0,Electronic
2567,0,Pop/Rock
2568,2,Comedy/Spoken
2569,0,Pop/Rock
2570,1,R&B;
2571,2,R&B;
2572,1,Pop/Rock
2573,0,Pop/Rock
2574,1,Vocal
2575,0,Pop/Rock
2576,2,Pop/Rock
2577,1,Pop/Rock
2578,10,International
2579,1,R&B;
2580,0,Pop/Rock
2581,1,Country
2582,1,Vocal
2583,1,Vocal
2584,2,Pop/Rock
2585,0,Pop/Rock
2586,1,Blues
2587,1,Vocal
2588,1,Pop/Rock
2589,1,Pop/Rock
2590,1,Blues
2591,0,Pop/Rock
2592,2,Latin
2593,1,Pop/Rock
2594,1,Pop/Rock
2595,1,Religious
2596,2,R&B;
2597,1,Pop/Rock
2598,0,New Age
2599,0,Pop/Rock
2600,1,R&B;
2601,0,Pop/Rock
2602,1,R&B;
2603,1,Blues
2604,1,Pop/Rock
2605,1,Blues
2606,2,R&B;
2607,2,Jazz
2608,1,Pop/Rock
2609,0,Pop/Rock
2610,1,Pop/Rock
2611,1,Country
2612,0,Electronic
2613,2,Jazz
2614,0,Pop/Rock
2615,1,R&B;
2616,2,Latin
2617,0,Pop/Rock
2618,1,Country
2619,0,Pop/Rock
2620,1,Pop/Rock
2621,0,Pop/Rock
2622,0,Pop/Rock
2623,3,Reggae
2624,1,Vocal
2625,8,Pop/Rock
2626,1,Country
2627,0,Pop/Rock
2628,1,R&B;
2629,0,Pop/Rock
2630,0,Pop/Rock
2631,1,Pop/Rock
2632,0,Pop/Rock
2633,1,Vocal
2634,1,Pop/Rock
2635,1,Country
2636,0,Pop/Rock
2637,1,Pop/Rock
2638,3,Pop/Rock
2639,2,R&B;
2640,0,Pop/Rock
2641,1,Country
2642,0,Pop/Rock
2643,1,Pop/Rock
2644,0,Electronic
2645,2,Jazz
2646,0,Pop/Rock
2647,2,Electronic
2648,0,Pop/Rock
2649,1,Blues
2650,1,Pop/Rock
2651,1,Country
2652,2,Pop/Rock
2653,2,R&B;
2654,2,Pop/Rock
2655,0,Pop/Rock
2656,0,Pop/Rock
2657,1,Pop/Rock
2658,1,Pop/Rock
2659,1,R&B;
2660,7,Religious
2661,1,Folk
2662,1,Country
2663,0,Pop/Rock
2664,0,Pop/Rock
2665,1,Vocal
2666,0,Pop/Rock
2667,0,Pop/Rock
2668,1,Country
2669,2,Pop/Rock
2670,7,Religious
2671,0,Pop/Rock
2672,1,Country
2673,2,R&B;
2674,2,Jazz
2675,1,Folk
2676,1,Pop/Rock
2677,0,Pop/Rock
2678,1,Pop/Rock
2679,1,Vocal
2680,1,R&B;
2681,2,Jazz
2682,1,Country
2683,2,Jazz
2684,1,Country
2685,0,Pop/Rock
2686,1,R&B;
2687,0,Pop/Rock
2688,1,Religious
2689,1,Pop/Rock
2690,2,Jazz
2691,1,Pop/Rock
2692,1,Jazz
2693,11,Jazz
2694,4,Pop/Rock
2695,2,R&B;
2696,1,Country
2697,1,Country
2698,2,Pop/Rock
2699,0,Pop/Rock
2700,0,Pop/Rock
2701,2,Jazz
2702,1,R&B;
2703,0,Pop/Rock
2704,0,Pop/Rock
2705,0,Pop/Rock
2706,1,R&B;
2707,1,R&B;
2708,1,R&B;
2709,1,Vocal
2710,2,Pop/Rock
2711,2,Latin
2712,7,Religious
2713,0,Pop/Rock
2714,0,Pop/Rock
2715,0,Pop/Rock
2716,2,International
2717,4,Comedy/Spoken
2718,0,Pop/Rock
2719,2,Jazz
2720,2,R&B;
2721,1,Pop/Rock
2722,0,Pop/Rock
2723,0,Pop/Rock
2724,0,Pop/Rock
2725,0,Pop/Rock
2726,0,Pop/Rock
2727,2,Jazz
2728,0,Pop/Rock
2729,7,Pop/Rock
2730,2,Avant-Garde
2731,0,R&B;
2732,1,Pop/Rock
2733,1,Country
2734,1,R&B;
2735,1,New Age
2736,1,Pop/Rock
2737,2,R&B;
2738,2,Jazz
2739,0,Pop/Rock
2740,2,Latin
2741,1,Pop/Rock
2742,1,Country
2743,1,Country
2744,1,Country
2745,1,Country
2746,2,Jazz
2747,1,Pop/Rock
2748,1,Vocal
2749,2,R&B;
2750,3,Reggae
2751,2,Pop/Rock
2752,2,Pop/Rock
2753,1,Latin
2754,2,Jazz
2755,0,Pop/Rock
2756,1,Blues
2757,0,Pop/Rock
2758,0,Pop/Rock
2759,1,R&B;
2760,1,Country
2761,2,Latin
2762,1,Pop/Rock
2763,0,Pop/Rock
2764,0,Pop/Rock
2765,2,Stage & Screen
2766,0,Pop/Rock
2767,2,Jazz
2768,0,Pop/Rock
2769,0,Pop/Rock
2770,0,Pop/Rock
2771,1,R&B;
2772,0,Pop/Rock
2773,0,Electronic
2774,0,Pop/Rock
2775,0,Pop/Rock
2776,0,Pop/Rock
2777,1,Blues
2778,0,Pop/Rock
2779,0,Pop/Rock
2780,1,Pop/Rock
2781,1,R&B;
2782,0,Pop/Rock
2783,1,R&B;
2784,0,Pop/Rock
2785,0,Pop/Rock
2786,1,R&B;
2787,2,Jazz
2788,2,Jazz
2789,0,Pop/Rock
2790,2,Jazz
2791,1,Pop/Rock
2792,2,Jazz
2793,1,R&B;
2794,3,Reggae
2795,2,Pop/Rock
2796,1,Pop/Rock
2797,0,Pop/Rock
2798,0,Pop/Rock
2799,2,Latin
2800,2,Pop/Rock
2801,0,Pop/Rock
2802,0,Pop/Rock
2803,1,Pop/Rock
2804,0,Pop/Rock
2805,1,Pop/Rock
2806,2,Pop/Rock
2807,2,Pop/Rock
2808,0,Electronic
2809,0,Pop/Rock
2810,1,Pop/Rock
2811,1,Folk
2812,0,Pop/Rock
2813,0,Pop/Rock
2814,0,Pop/Rock
2815,0,Pop/Rock
2816,1,Country
2817,1,Country
2818,1,Stage & Screen
2819,0,Pop/Rock
2820,1,R&B;
2821,2,Latin
2822,1,Pop/Rock
2823,0,Pop/Rock
2824,0,Pop/Rock
2825,2,Latin
2826,0,Pop/Rock
2827,1,Pop/Rock
2828,1,Country
2829,1,Pop/Rock
2830,1,Pop/Rock
2831,2,Jazz
2832,2,Electronic
2833,1,Pop/Rock
2834,0,Pop/Rock
2835,2,Latin
2836,7,Religious
2837,2,R&B;
2838,0,Pop/Rock
2839,0,Pop/Rock
2840,1,Avant-Garde
2841,1,Pop/Rock
2842,2,Latin
2843,2,Latin
2844,2,R&B;
2845,0,Pop/Rock
2846,2,Pop/Rock
2847,1,Pop/Rock
2848,1,Country
2849,0,Pop/Rock
2850,0,Pop/Rock
2851,1,Pop/Rock
2852,1,Country
2853,0,Pop/Rock
2854,1,Pop/Rock
2855,5,Pop/Rock
2856,0,Pop/Rock
2857,0,Pop/Rock
2858,0,Pop/Rock
2859,3,Reggae
2860,0,Pop/Rock
2861,3,Pop/Rock
2862,0,Avant-Garde
2863,1,Pop/Rock
2864,1,Pop/Rock
2865,0,Pop/Rock
2866,0,Pop/Rock
2867,0,Pop/Rock
2868,0,Pop/Rock
2869,0,Pop/Rock
2870,3,Vocal
2871,2,Pop/Rock
2872,2,Pop/Rock
2873,0,Pop/Rock
2874,3,Reggae
2875,0,Reggae
2876,1,Pop/Rock
2877,1,Pop/Rock
2878,0,Electronic
2879,2,R&B;
2880,3,International
2881,0,Pop/Rock
2882,1,Pop/Rock
2883,1,R&B;
2884,1,Country
2885,2,R&B;
2886,2,R&B;
2887,0,Pop/Rock
2888,0,Pop/Rock
2889,1,Vocal
2890,0,Pop/Rock
2891,0,Pop/Rock
2892,1,R&B;
2893,3,Pop/Rock
2894,3,Reggae
2895,1,R&B;
2896,1,Pop/Rock
2897,0,Pop/Rock
2898,0,Pop/Rock
2899,1,Vocal
2900,0,Pop/Rock
2901,0,Pop/Rock
2902,0,Pop/Rock
2903,0,Pop/Rock
2904,0,Pop/Rock
2905,0,Electronic
2906,1,Pop/Rock
2907,1,Country
2908,3,Pop/Rock
2909,0,Pop/Rock
2910,1,Pop/Rock
2911,0,Pop/Rock
2912,1,R&B;
2913,3,Vocal
2914,3,Pop/Rock
2915,0,Pop/Rock
2916,0,Pop/Rock
2917,0,Pop/Rock
2918,0,Pop/Rock
2919,2,Pop/Rock
2920,2,Jazz
2921,0,Pop/Rock
2922,1,Country
2923,0,Pop/Rock
2924,0,Pop/Rock
2925,0,Pop/Rock
2926,0,Pop/Rock
2927,1,Pop/Rock
2928,0,Pop/Rock
2929,0,Pop/Rock
2930,1,R&B;
2931,0,Pop/Rock
2932,2,Latin
2933,0,Pop/Rock
2934,0,Pop/Rock
2935,1,Blues
2936,0,Pop/Rock
2937,0,Pop/Rock
2938,1,Blues
2939,0,Pop/Rock
2940,0,Electronic
2941,0,Pop/Rock
2942,0,Unknown
2943,1,Folk
2944,3,Reggae
2945,2,Latin
2946,1,Vocal
2947,0,Electronic
2948,0,Pop/Rock
2949,0,International
2950,1,Pop/Rock
2951,1,R&B;
2952,2,Latin
2953,2,Jazz
2954,0,Pop/Rock
2955,0,Pop/Rock
2956,2,Jazz
2957,0,Pop/Rock
2958,0,New Age
2959,3,Reggae
2960,0,Pop/Rock
2961,2,Jazz
2962,0,Pop/Rock
2963,0,Pop/Rock
2964,0,Pop/Rock
2965,0,Pop/Rock
2966,2,Jazz
2967,1,Country
2968,0,Pop/Rock
2969,0,Pop/Rock
2970,1,R&B;
2971,1,Vocal
2972,1,Blues
2973,1,Pop/Rock
2974,0,Pop/Rock
2975,0,Pop/Rock
2976,0,Pop/Rock
2977,0,Pop/Rock
2978,1,Pop/Rock
2979,0,Pop/Rock
2980,2,Jazz
2981,0,Pop/Rock
2982,1,Blues
2983,0,Pop/Rock
2984,0,Electronic
2985,0,Pop/Rock
2986,0,Pop/Rock
2987,0,Pop/Rock
2988,1,Pop/Rock
2989,2,Latin
2990,4,Comedy/Spoken
2991,1,Pop/Rock
2992,0,Pop/Rock
2993,2,International
2994,0,Electronic
2995,1,Pop/Rock
2996,0,Pop/Rock
2997,3,Reggae
2998,2,Jazz
2999,2,R&B;
3000,1,Pop/Rock
3001,0,Pop/Rock
3002,2,Pop/Rock
3003,0,Pop/Rock
3004,0,Pop/Rock
3005,1,R&B;
3006,1,Vocal
3007,1,Country
3008,2,International
3009,0,Electronic
3010,1,Pop/Rock
3011,0,Pop/Rock
3012,0,Avant-Garde
3013,2,Latin
3014,1,R&B;
3015,0,Pop/Rock
3016,1,Pop/Rock
3017,0,Pop/Rock
3018,0,Pop/Rock
3019,0,Pop/Rock
3020,0,Pop/Rock
3021,1,R&B;
3022,2,Jazz
3023,0,Electronic
3024,1,Latin
3025,3,Reggae
3026,4,Comedy/Spoken
3027,0,Pop/Rock
3028,1,R&B;
3029,0,Pop/Rock
3030,0,Pop/Rock
3031,0,Pop/Rock
3032,0,Pop/Rock
3033,0,Pop/Rock
3034,0,Pop/Rock
3035,0,Pop/Rock
3036,0,Pop/Rock
3037,1,Country
3038,2,Jazz
3039,0,Pop/Rock
3040,1,R&B;
3041,1,R&B;
3042,1,R&B;
3043,2,Pop/Rock
3044,1,R&B;
3045,1,Pop/Rock
3046,2,Electronic
3047,1,Country
3048,2,R&B;
3049,2,Jazz
3050,0,Pop/Rock
3051,1,Pop/Rock
3052,0,Pop/Rock
3053,0,R&B;
3054,0,Pop/Rock
3055,2,Jazz
3056,3,Pop/Rock
3057,1,Pop/Rock
3058,0,Pop/Rock
3059,2,Jazz
3060,1,Pop/Rock
3061,0,Pop/Rock
3062,2,Latin
3063,0,Pop/Rock
3064,2,Jazz
3065,2,R&B;
3066,1,Pop/Rock
3067,0,Pop/Rock
3068,0,Pop/Rock
3069,1,R&B;
3070,1,Vocal
3071,1,Pop/Rock
3072,1,Country
3073,7,Religious
3074,0,Pop/Rock
3075,2,Jazz
3076,2,Latin
3077,0,Pop/Rock
3078,1,Jazz
3079,4,Comedy/Spoken
3080,0,Pop/Rock
3081,1,Folk
3082,0,Pop/Rock
3083,1,R&B;
3084,1,Country
3085,0,Pop/Rock
3086,1,Religious
3087,2,Jazz
3088,1,Pop/Rock
3089,1,Country
3090,2,Pop/Rock
3091,1,R&B;
3092,1,Folk
3093,0,Pop/Rock
3094,1,Pop/Rock
3095,2,Latin
3096,2,Electronic
3097,2,Electronic
3098,1,Pop/Rock
3099,2,Jazz
3100,2,Stage & Screen
3101,0,Pop/Rock
3102,0,Pop/Rock
3103,0,Pop/Rock
3104,0,Pop/Rock
3105,0,Pop/Rock
3106,2,Jazz
3107,1,Jazz
3108,0,Pop/Rock
3109,0,Pop/Rock
3110,1,Pop/Rock
3111,2,Latin
3112,1,Country
3113,1,Country
3114,1,Pop/Rock
3115,1,R&B;
3116,1,Pop/Rock
3117,1,Electronic
3118,0,Pop/Rock
3119,0,Pop/Rock
3120,1,Blues
3121,1,Folk
3122,0,Pop/Rock
3123,1,Pop/Rock
3124,2,Pop/Rock
3125,1,Pop/Rock
3126,0,Pop/Rock
3127,0,Pop/Rock
3128,2,Pop/Rock
3129,1,R&B;
3130,1,Jazz
3131,2,Latin
3132,2,R&B;
3133,0,Pop/Rock
3134,0,Pop/Rock
3135,0,Pop/Rock
3136,1,Country
3137,2,Jazz
3138,0,Pop/Rock
3139,0,Pop/Rock
3140,1,Folk
3141,0,Pop/Rock
3142,0,Pop/Rock
3143,1,Pop/Rock
3144,2,Latin
3145,3,Reggae
3146,2,Latin
3147,2,Pop/Rock
3148,0,Pop/Rock
3149,0,Pop/Rock
3150,1,Pop/Rock
3151,1,Country
3152,2,Jazz
3153,1,R&B;
3154,1,Pop/Rock
3155,0,Latin
3156,0,Pop/Rock
3157,1,Country
3158,0,Pop/Rock
3159,2,Pop/Rock
3160,0,Pop/Rock
3161,0,Pop/Rock
3162,1,Jazz
3163,2,Pop/Rock
3164,1,Pop/Rock
3165,1,R&B;
3166,2,Pop/Rock
3167,0,Pop/Rock
3168,2,Latin
3169,0,Pop/Rock
3170,2,Jazz
3171,2,Pop/Rock
3172,1,Country
3173,0,Pop/Rock
3174,1,R&B;
3175,1,Folk
3176,2,Pop/Rock
3177,2,Jazz
3178,0,Pop/Rock
3179,2,Latin
3180,2,R&B;
3181,0,Pop/Rock
3182,0,Pop/Rock
3183,1,Country
3184,1,Pop/Rock
3185,2,Latin
3186,0,Pop/Rock
3187,2,International
3188,0,Pop/Rock
3189,0,Pop/Rock
3190,1,Pop/Rock
3191,2,Jazz
3192,2,Jazz
3193,2,Pop/Rock
3194,2,Latin
3195,2,Jazz
3196,0,Pop/Rock
3197,1,R&B;
3198,0,Pop/Rock
3199,0,Pop/Rock
3200,0,Pop/Rock
3201,0,Pop/Rock
3202,0,Pop/Rock
3203,1,Country
3204,1,Pop/Rock
3205,0,Pop/Rock
3206,0,Pop/Rock
3207,1,Pop/Rock
3208,3,Pop/Rock
3209,2,Pop/Rock
3210,1,Pop/Rock
3211,0,Pop/Rock
3212,0,Pop/Rock
3213,0,Pop/Rock
3214,0,Pop/Rock
3215,2,R&B;
3216,2,Latin
3217,2,Pop/Rock
3218,1,Country
3219,0,Pop/Rock
3220,2,Electronic
3221,0,Pop/Rock
3222,0,Pop/Rock
3223,1,Pop/Rock
3224,0,Pop/Rock
3225,2,Jazz
3226,1,Religious
3227,0,Pop/Rock
3228,1,R&B;
3229,0,Pop/Rock
3230,0,Pop/Rock
3231,1,R&B;
3232,0,Pop/Rock
3233,0,Pop/Rock
3234,1,Vocal
3235,2,Jazz
3236,1,R&B;
3237,11,R&B;
3238,2,Stage & Screen
3239,3,R&B;
3240,0,Pop/Rock
3241,0,Pop/Rock
3242,0,Pop/Rock
3243,1,R&B;
3244,0,Pop/Rock
3245,0,Electronic
3246,0,Pop/Rock
3247,2,Pop/Rock
3248,0,Pop/Rock
3249,0,Pop/Rock
3250,3,Reggae
3251,1,Vocal
3252,7,Religious
3253,1,R&B;
3254,0,Pop/Rock
3255,1,R&B;
3256,2,Electronic
3257,0,Pop/Rock
3258,1,R&B;
3259,0,Pop/Rock
3260,1,Country
3261,0,Pop/Rock
3262,1,Pop/Rock
3263,2,International
3264,0,Pop/Rock
3265,3,Reggae
3266,0,Pop/Rock
3267,1,Pop/Rock
3268,3,Reggae
3269,0,Pop/Rock
3270,0,Pop/Rock
3271,1,Pop/Rock
3272,1,R&B;
3273,2,Pop/Rock
3274,0,Pop/Rock
3275,1,R&B;
3276,1,Pop/Rock
3277,0,Pop/Rock
3278,0,Pop/Rock
3279,0,Pop/Rock
3280,1,R&B;
3281,2,Pop/Rock
3282,1,Religious
3283,1,R&B;
3284,2,Easy Listening
3285,0,Pop/Rock
3286,1,Folk
3287,1,R&B;
3288,0,Pop/Rock
3289,2,International
3290,1,Country
3291,1,Pop/Rock
3292,1,Country
3293,1,R&B;
3294,1,R&B;
3295,1,R&B;
3296,1,Pop/Rock
3297,1,Country
3298,1,Classical
3299,1,Country
3300,0,Pop/Rock
3301,1,Country
3302,0,Pop/Rock
3303,1,R&B;
3304,1,R&B;
3305,3,Pop/Rock
3306,0,Pop/Rock
3307,1,R&B;
3308,0,Pop/Rock
3309,0,Pop/Rock
3310,0,Pop/Rock
3311,0,Pop/Rock
3312,2,Pop/Rock
3313,0,Pop/Rock
3314,0,Pop/Rock
3315,2,Stage & Screen
3316,2,Pop/Rock
3317,1,R&B;
3318,1,Country
3319,2,Electronic
3320,1,Blues
3321,1,Pop/Rock
3322,2,Jazz
3323,0,Pop/Rock
3324,0,Pop/Rock
3325,1,Pop/Rock
3326,0,Pop/Rock
3327,2,New Age
3328,1,Pop/Rock
3329,1,Latin
3330,2,Electronic
3331,0,Pop/Rock
3332,0,Electronic
3333,2,Electronic
3334,1,Pop/Rock
3335,0,Electronic
3336,0,Pop/Rock
3337,0,Pop/Rock
3338,0,Pop/Rock
3339,4,Folk
3340,0,Pop/Rock
3341,1,Country
3342,3,Reggae
3343,1,Jazz
3344,2,Jazz
3345,0,Pop/Rock
3346,0,Pop/Rock
3347,2,R&B;
3348,1,Vocal
3349,1,R&B;
3350,0,Pop/Rock
3351,0,Pop/Rock
3352,0,Religious
3353,0,Pop/Rock
3354,2,Latin
3355,2,Electronic
3356,2,Latin
3357,3,Reggae
3358,0,Pop/Rock
3359,0,Pop/Rock
3360,1,Country
3361,1,Country
3362,1,Pop/Rock
3363,0,Pop/Rock
3364,0,Pop/Rock
3365,0,Pop/Rock
3366,1,R&B;
3367,0,Avant-Garde
3368,0,Pop/Rock
3369,2,Pop/Rock
3370,0,Pop/Rock
3371,2,Latin
3372,0,Pop/Rock
3373,2,R&B;
3374,2,Jazz
3375,0,Pop/Rock
3376,5,Pop/Rock
3377,0,Pop/Rock
3378,1,R&B;
3379,0,Pop/Rock
3380,0,Electronic
3381,1,Pop/Rock
3382,0,Pop/Rock
3383,1,R&B;
3384,1,Pop/Rock
3385,2,Jazz
3386,0,Pop/Rock
3387,1,Electronic
3388,2,Pop/Rock
3389,0,Pop/Rock
3390,3,Reggae
3391,2,Pop/Rock
3392,2,Electronic
3393,0,Pop/Rock
3394,0,Pop/Rock
3395,2,R&B;
3396,0,Pop/Rock
3397,3,Reggae
3398,2,International
3399,4,Comedy/Spoken
3400,0,Pop/Rock
3401,2,Electronic
3402,2,Pop/Rock
3403,0,Pop/Rock
3404,1,R&B;
3405,1,Country
3406,1,Pop/Rock
3407,0,Electronic
3408,1,Vocal
3409,2,Easy Listening
3410,0,Pop/Rock
3411,0,Pop/Rock
3412,2,Latin
3413,0,Electronic
3414,2,Latin
3415,1,R&B;
3416,1,R&B;
3417,1,Folk
3418,2,Latin
3419,2,Jazz
3420,1,Vocal
3421,1,Blues
3422,1,R&B;
3423,1,Pop/Rock
3424,0,Pop/Rock
3425,1,Religious
3426,0,Pop/Rock
3427,0,Pop/Rock
3428,7,Pop/Rock
3429,1,Country
3430,2,Electronic
3431,1,Blues
3432,2,Pop/Rock
3433,1,Comedy/Spoken
3434,0,Pop/Rock
3435,0,Pop/Rock
3436,0,Pop/Rock
3437,1,Pop/Rock
3438,2,Jazz
3439,0,Pop/Rock
3440,1,R&B;
3441,0,Pop/Rock
3442,0,Pop/Rock
3443,2,Pop/Rock
3444,10,International
3445,0,Pop/Rock
3446,0,Pop/Rock
3447,0,Pop/Rock
3448,0,Pop/Rock
3449,4,Comedy/Spoken
3450,2,Pop/Rock
3451,1,Pop/Rock
3452,2,R&B;
3453,0,Pop/Rock
3454,1,Pop/Rock
3455,2,R&B;
3456,2,Latin
3457,1,R&B;
3458,2,Latin
3459,1,Blues
3460,0,Pop/Rock
3461,0,Pop/Rock
3462,0,Pop/Rock
3463,0,Pop/Rock
3464,1,Country
3465,2,Latin
3466,1,R&B;
3467,1,Pop/Rock
3468,2,R&B;
3469,0,Pop/Rock
3470,0,Pop/Rock
3471,7,Unknown
3472,8,Pop/Rock
3473,0,Pop/Rock
3474,1,Pop/Rock
3475,0,Pop/Rock
3476,5,Pop/Rock
3477,0,Pop/Rock
3478,1,R&B;
3479,1,Pop/Rock
3480,0,Pop/Rock
3481,0,Electronic
3482,1,R&B;
3483,1,Country
3484,2,R&B;
3485,1,R&B;
3486,0,Pop/Rock
3487,2,Jazz
3488,5,Pop/Rock
3489,0,Pop/Rock
3490,0,Pop/Rock
3491,0,Pop/Rock
3492,1,R&B;
3493,0,Pop/Rock
3494,1,Pop/Rock
3495,1,R&B;
3496,0,Pop/Rock
3497,0,Pop/Rock
3498,0,Pop/Rock
3499,0,Pop/Rock
3500,1,Pop/Rock
3501,1,Religious
3502,1,Folk
3503,0,Pop/Rock
3504,0,Pop/Rock
3505,0,Pop/Rock
3506,0,Pop/Rock
3507,1,R&B;
3508,2,Latin
3509,1,Pop/Rock
3510,1,Country
3511,2,Pop/Rock
3512,2,Latin
3513,2,R&B;
3514,1,Pop/Rock
3515,1,Pop/Rock
3516,1,Country
3517,1,Country
3518,2,R&B;
3519,1,Blues
3520,2,Jazz
3521,1,Country
3522,0,Pop/Rock
3523,0,Pop/Rock
3524,1,Pop/Rock
3525,0,Pop/Rock
3526,0,Pop/Rock
3527,1,Country
3528,2,Pop/Rock
3529,2,International
3530,1,Pop/Rock
3531,0,Pop/Rock
3532,0,Pop/Rock
3533,0,Pop/Rock
3534,1,Pop/Rock
3535,2,R&B;
3536,2,Pop/Rock
3537,0,Pop/Rock
3538,2,Jazz
3539,0,Pop/Rock
3540,0,Pop/Rock
3541,2,Jazz
3542,0,Pop/Rock
3543,1,R&B;
3544,1,International
3545,2,Jazz
3546,0,Pop/Rock
3547,0,Pop/Rock
3548,3,Reggae
3549,0,Pop/Rock
3550,1,Country
3551,1,Country
3552,1,Folk
3553,0,Electronic
3554,2,Jazz
3555,1,Vocal
3556,4,Comedy/Spoken
3557,0,Pop/Rock
3558,0,Pop/Rock
3559,2,Latin
3560,2,Latin
3561,2,Latin
3562,2,Pop/Rock
3563,2,Jazz
3564,0,Pop/Rock
3565,2,Jazz
3566,1,Blues
3567,2,Jazz
3568,1,Classical
3569,0,Pop/Rock
3570,3,Reggae
3571,3,Reggae
3572,1,Vocal
3573,0,Pop/Rock
3574,2,Jazz
3575,0,Pop/Rock
3576,2,Pop/Rock
3577,2,Jazz
3578,0,Electronic
3579,0,Pop/Rock
3580,4,Comedy/Spoken
3581,1,Pop/Rock
3582,2,Pop/Rock
3583,0,Pop/Rock
3584,0,Pop/Rock
3585,1,Country
3586,2,Jazz
3587,0,Pop/Rock
3588,0,Pop/Rock
3589,2,Jazz
3590,0,Pop/Rock
3591,1,Pop/Rock
3592,0,Pop/Rock
3593,2,Electronic
3594,0,Pop/Rock
3595,1,R&B;
3596,2,Pop/Rock
3597,0,Pop/Rock
3598,1,Country
3599,1,Pop/Rock
3600,2,R&B;
3601,1,Pop/Rock
3602,2,Latin
3603,2,Latin
3604,2,R&B;
3605,0,Pop/Rock
3606,0,Pop/Rock
3607,2,International
3608,1,Blues
3609,0,Pop/Rock
3610,2,Pop/Rock
3611,0,Pop/Rock
3612,1,Pop/Rock
3613,2,Latin
3614,0,Pop/Rock
3615,1,Pop/Rock
3616,2,Electronic
3617,2,Latin
3618,2,R&B;
3619,1,Country
3620,0,Pop/Rock
3621,0,Pop/Rock
3622,0,Electronic
3623,0,Pop/Rock
3624,0,Pop/Rock
3625,0,Pop/Rock
3626,1,R&B;
3627,0,Pop/Rock
3628,2,Jazz
3629,2,Jazz
3630,0,Pop/Rock
3631,0,Pop/Rock
3632,1,R&B;
3633,1,Country
3634,2,R&B;
3635,1,Country
3636,0,Pop/Rock
3637,1,R&B;
3638,3,Reggae
3639,1,Pop/Rock
3640,1,R&B;
3641,1,R&B;
3642,0,Pop/Rock
3643,1,Country
3644,1,Pop/Rock
3645,2,Latin
3646,0,Pop/Rock
3647,2,Pop/Rock
3648,1,R&B;
3649,1,R&B;
3650,2,Jazz
3651,0,Pop/Rock
3652,0,Pop/Rock
3653,2,Jazz
3654,0,Pop/Rock
3655,1,R&B;
3656,2,Electronic
3657,0,Pop/Rock
3658,0,Pop/Rock
3659,2,Jazz
3660,0,Pop/Rock
3661,1,R&B;
3662,1,R&B;
3663,0,Folk
3664,2,R&B;
3665,0,Pop/Rock
3666,2,Electronic
3667,1,Pop/Rock
3668,1,Folk
3669,0,Pop/Rock
3670,0,Pop/Rock
3671,1,Pop/Rock
3672,1,Religious
3673,0,Pop/Rock
3674,1,Folk
3675,1,Country
3676,0,Pop/Rock
3677,0,Pop/Rock
3678,1,R&B;
3679,2,Latin
3680,1,Pop/Rock
3681,0,Pop/Rock
3682,0,Pop/Rock
3683,2,Jazz
3684,3,Pop/Rock
3685,1,Folk
3686,0,Pop/Rock
3687,0,Pop/Rock
3688,1,Pop/Rock
3689,0,Pop/Rock
3690,0,Pop/Rock
3691,1,Vocal
3692,1,Pop/Rock
3693,3,Electronic
3694,0,Pop/Rock
3695,0,Pop/Rock
3696,2,Latin
3697,2,Jazz
3698,2,Jazz
3699,0,Pop/Rock
3700,1,Vocal
3701,2,Latin
3702,2,Latin
3703,2,R&B;
3704,1,Pop/Rock
3705,1,Pop/Rock
3706,2,Jazz
3707,1,Vocal
3708,2,Latin
3709,1,R&B;
3710,2,R&B;
3711,0,Pop/Rock
3712,2,Jazz
3713,2,Easy Listening
3714,4,Comedy/Spoken
3715,1,Pop/Rock
3716,1,Pop/Rock
3717,1,Vocal
3718,0,Pop/Rock
3719,1,Pop/Rock
3720,1,Religious
3721,2,R&B;
3722,0,New Age
3723,1,Pop/Rock
3724,1,Pop/Rock
3725,1,Religious
3726,1,Pop/Rock
3727,2,R&B;
3728,1,Country
3729,1,Vocal
3730,1,R&B;
3731,1,Folk
3732,1,R&B;
3733,0,Pop/Rock
3734,2,Jazz
3735,2,Easy Listening
3736,1,Pop/Rock
3737,0,Pop/Rock
3738,2,Jazz
3739,1,Blues
3740,0,Pop/Rock
3741,0,Pop/Rock
3742,1,Pop/Rock
3743,1,Pop/Rock
3744,2,Jazz
3745,1,Pop/Rock
3746,2,R&B;
3747,0,Pop/Rock
3748,0,Pop/Rock
3749,0,Pop/Rock
3750,1,Country
3751,3,Reggae
3752,0,Pop/Rock
3753,1,R&B;
3754,1,Country
3755,2,Pop/Rock
3756,3,Reggae
3757,1,Pop/Rock
3758,0,Electronic
3759,0,Electronic
3760,3,Reggae
3761,0,Pop/Rock
3762,2,Jazz
3763,2,Jazz
3764,1,R&B;
3765,2,Jazz
3766,2,Latin
3767,0,Pop/Rock
3768,2,Easy Listening
3769,0,Pop/Rock
3770,1,Country
3771,2,Latin
3772,1,Pop/Rock
3773,0,Pop/Rock
3774,1,Pop/Rock
3775,0,New Age
3776,1,Pop/Rock
3777,1,R&B;
3778,2,Latin
3779,0,Pop/Rock
3780,1,Folk
3781,1,Blues
3782,1,Pop/Rock
3783,0,Pop/Rock
3784,1,Religious
3785,0,Pop/Rock
3786,2,Pop/Rock
3787,1,Stage & Screen
3788,2,International
3789,11,Pop/Rock
3790,0,Pop/Rock
3791,2,Easy Listening
3792,3,Reggae
3793,2,International
3794,5,Vocal
3795,2,Latin
3796,1,Pop/Rock
3797,0,Electronic
3798,3,Reggae
3799,1,R&B;
3800,1,Religious
3801,12,Pop/Rock
3802,0,Pop/Rock
3803,0,Pop/Rock
3804,0,Pop/Rock
3805,2,Electronic
3806,2,Pop/Rock
3807,2,Jazz
3808,0,Pop/Rock
3809,2,Pop/Rock
3810,0,Pop/Rock
3811,0,Pop/Rock
3812,1,Pop/Rock
3813,0,Electronic
3814,1,Pop/Rock
3815,0,Pop/Rock
3816,0,Pop/Rock
3817,0,Pop/Rock
3818,0,Pop/Rock
3819,1,R&B;
3820,1,Classical
3821,1,Country
3822,1,R&B;
3823,0,Pop/Rock
3824,2,Latin
3825,2,Jazz
3826,2,Jazz
3827,1,Country
3828,2,Jazz
3829,0,Pop/Rock
3830,0,Pop/Rock
3831,0,Pop/Rock
3832,1,Pop/Rock
3833,2,Classical
3834,1,Pop/Rock
3835,0,Pop/Rock
3836,0,Pop/Rock
3837,2,Electronic
3838,1,Religious
3839,0,Pop/Rock
3840,2,Jazz
3841,2,Latin
3842,0,R&B;
3843,2,Latin
3844,0,Pop/Rock
3845,1,Country
3846,2,International
3847,2,Jazz
3848,2,Reggae
3849,0,Pop/Rock
3850,0,Pop/Rock
3851,0,Pop/Rock
3852,2,Jazz
3853,0,Pop/Rock
3854,2,R&B;
3855,2,International
3856,1,Pop/Rock
3857,4,Comedy/Spoken
3858,7,International
3859,1,Folk
3860,4,Children's
3861,1,Country
3862,0,Pop/Rock
3863,2,Jazz
3864,0,Pop/Rock
3865,0,Pop/Rock
3866,3,Reggae
3867,2,Jazz
3868,1,Pop/Rock
3869,1,Pop/Rock
3870,0,Pop/Rock
3871,7,Folk
3872,0,Pop/Rock
3873,0,Pop/Rock
3874,1,Pop/Rock
3875,1,Country
3876,2,Reggae
3877,0,Pop/Rock
3878,1,Pop/Rock
3879,1,R&B;
3880,1,R&B;
3881,0,Pop/Rock
3882,1,Pop/Rock
3883,2,Stage & Screen
3884,1,R&B;
3885,0,Pop/Rock
3886,0,Pop/Rock
3887,1,Vocal
3888,2,Electronic
3889,0,Pop/Rock
3890,2,Pop/Rock
3891,2,Jazz
3892,2,Easy Listening
3893,0,Pop/Rock
3894,0,Pop/Rock
3895,0,Pop/Rock
3896,1,Blues
3897,2,Jazz
3898,0,Pop/Rock
3899,1,Folk
3900,0,Pop/Rock
3901,1,Country
3902,2,Electronic
3903,1,Vocal
3904,1,Country
3905,0,Pop/Rock
3906,1,Country
3907,2,Jazz
3908,0,Religious
3909,2,Latin
3910,0,Pop/Rock
3911,2,Pop/Rock
3912,0,Pop/Rock
3913,1,Country
3914,1,Stage & Screen
3915,1,Vocal
3916,1,Pop/Rock
3917,0,Avant-Garde
3918,0,Pop/Rock
3919,0,Pop/Rock
3920,0,R&B;
3921,0,Pop/Rock
3922,1,Pop/Rock
3923,2,Latin
3924,0,Pop/Rock
3925,3,Reggae
3926,0,Pop/Rock
3927,1,Classical
3928,0,Pop/Rock
3929,1,R&B;
3930,0,Pop/Rock
3931,0,Pop/Rock
3932,0,Pop/Rock
3933,4,Comedy/Spoken
3934,0,Pop/Rock
3935,0,Pop/Rock
3936,0,Pop/Rock
3937,1,Pop/Rock
3938,0,Electronic
3939,1,R&B;
3940,0,Pop/Rock
3941,2,Electronic
3942,2,Jazz
3943,0,Pop/Rock
3944,1,Blues
3945,0,Pop/Rock
3946,7,International
3947,1,Country
3948,1,Pop/Rock
3949,0,Pop/Rock
3950,0,Latin
3951,1,Blues
3952,3,Reggae
3953,0,Pop/Rock
3954,0,Pop/Rock
3955,0,Pop/Rock
3956,1,Pop/Rock
3957,1,Pop/Rock
3958,0,Pop/Rock
3959,2,Pop/Rock
3960,1,Vocal
3961,0,Pop/Rock
3962,2,Pop/Rock
3963,1,Vocal
3964,1,Pop/Rock
3965,0,Pop/Rock
3966,2,Easy Listening
3967,0,Pop/Rock
3968,0,Pop/Rock
3969,1,Pop/Rock
3970,0,Pop/Rock
3971,0,Pop/Rock
3972,0,Pop/Rock
3973,0,Pop/Rock
3974,1,R&B;
3975,0,Pop/Rock
3976,1,R&B;
3977,1,Pop/Rock
3978,7,Pop/Rock
3979,2,R&B;
3980,1,R&B;
3981,1,Folk
3982,0,Pop/Rock
3983,0,Pop/Rock
3984,0,Pop/Rock
3985,1,Country
3986,11,Pop/Rock
3987,1,R&B;
3988,1,Pop/Rock
3989,1,Pop/Rock
3990,1,Country
3991,0,Classical
3992,0,Pop/Rock
3993,2,Jazz
3994,2,Latin
3995,1,Pop/Rock
3996,0,Pop/Rock
3997,0,Pop/Rock
3998,1,Pop/Rock
3999,0,Pop/Rock
4000,1,Vocal
4001,0,Pop/Rock
4002,6,Stage & Screen
4003,3,Reggae
4004,1,Pop/Rock
4005,0,Electronic
4006,0,Pop/Rock
4007,1,R&B;
4008,1,Country
4009,3,Pop/Rock
4010,0,Pop/Rock
4011,3,Reggae
4012,2,Jazz
4013,0,Electronic
4014,1,Pop/Rock
4015,0,Pop/Rock
4016,0,Pop/Rock
4017,2,Stage & Screen
4018,7,Religious
4019,0,Pop/Rock
4020,0,Pop/Rock
4021,2,R&B;
4022,2,Jazz
4023,0,Pop/Rock
4024,0,Pop/Rock
4025,1,R&B;
4026,1,R&B;
4027,1,Jazz
4028,1,Pop/Rock
4029,0,Pop/Rock
4030,0,Pop/Rock
4031,1,Blues
4032,0,Pop/Rock
4033,0,Pop/Rock
4034,1,Vocal
4035,3,Reggae
4036,2,Pop/Rock
4037,1,R&B;
4038,1,Country
4039,2,Pop/Rock
4040,1,Religious
4041,2,Pop/Rock
4042,0,Pop/Rock
4043,0,Pop/Rock
4044,1,Pop/Rock
4045,1,R&B;
4046,1,R&B;
4047,0,Pop/Rock
4048,0,Pop/Rock
4049,2,Jazz
4050,1,Pop/Rock
4051,1,Country
4052,0,Pop/Rock
4053,1,Religious
4054,2,Jazz
4055,1,Country
4056,0,Pop/Rock
4057,2,Jazz
4058,2,Jazz
4059,2,Latin
4060,2,Pop/Rock
4061,1,Pop/Rock
4062,2,Jazz
4063,2,Pop/Rock
4064,2,Latin
4065,1,Vocal
4066,0,Pop/Rock
4067,1,R&B;
4068,0,Pop/Rock
4069,0,Pop/Rock
4070,0,Pop/Rock
4071,0,Pop/Rock
4072,0,Pop/Rock
4073,2,Pop/Rock
4074,1,R&B;
4075,1,R&B;
4076,1,Pop/Rock
4077,0,R&B;
4078,0,R&B;
4079,1,Country
4080,2,Jazz
4081,0,Pop/Rock
4082,2,Jazz
4083,1,Pop/Rock
4084,2,Jazz
4085,2,Jazz
4086,1,Pop/Rock
4087,5,Electronic
4088,0,Pop/Rock
4089,2,Vocal
4090,0,Pop/Rock
4091,0,Pop/Rock
4092,0,Pop/Rock
4093,2,Electronic
4094,2,Jazz
4095,0,Pop/Rock
4096,0,Pop/Rock
4097,1,R&B;
4098,1,Blues
4099,1,Vocal
4100,1,Vocal
4101,0,Pop/Rock
4102,1,Country
4103,2,Jazz
4104,1,Country
4105,0,Pop/Rock
4106,1,Pop/Rock
4107,2,International
4108,0,Pop/Rock
4109,0,Pop/Rock
4110,0,Pop/Rock
4111,2,Pop/Rock
4112,0,Pop/Rock
4113,2,R&B;
4114,0,Pop/Rock
4115,0,Pop/Rock
4116,1,R&B;
4117,0,Pop/Rock
4118,2,R&B;
4119,0,Pop/Rock
4120,1,R&B;
4121,2,Jazz
4122,0,Pop/Rock
4123,2,Jazz
4124,2,Stage & Screen
4125,0,Pop/Rock
4126,1,Pop/Rock
4127,2,Pop/Rock
4128,1,Country
4129,0,Pop/Rock
4130,1,Blues
4131,1,R&B;
4132,2,New Age
4133,2,Classical
4134,0,Pop/Rock
4135,1,Pop/Rock
4136,0,Pop/Rock
4137,2,Pop/Rock
4138,1,R&B;
4139,1,Pop/Rock
4140,0,Pop/Rock
4141,2,Latin
4142,0,Pop/Rock
4143,0,Pop/Rock
4144,0,Pop/Rock
4145,2,Pop/Rock
4146,2,Jazz
4147,2,R&B;
4148,1,Electronic
4149,0,Pop/Rock
4150,0,Pop/Rock
4151,1,Religious
4152,3,Reggae
4153,0,Pop/Rock
4154,1,Vocal
4155,1,R&B;
4156,0,Electronic
4157,0,Pop/Rock
4158,1,R&B;
4159,1,Vocal
4160,0,Pop/Rock
4161,1,Country
4162,0,Pop/Rock
4163,1,R&B;
4164,0,Pop/Rock
4165,0,Pop/Rock
4166,2,Latin
4167,0,Pop/Rock
4168,1,Folk
4169,2,Latin
4170,1,Pop/Rock
4171,0,Pop/Rock
4172,0,Pop/Rock
4173,1,Pop/Rock
4174,1,Country
4175,0,Pop/Rock
4176,0,Pop/Rock
4177,0,Electronic
4178,0,Pop/Rock
4179,1,International
4180,2,Jazz
4181,0,Pop/Rock
4182,0,Pop/Rock
4183,1,Easy Listening
4184,2,Jazz
4185,10,International
4186,7,International
4187,0,Pop/Rock
4188,2,Latin
4189,2,Jazz
4190,1,R&B;
4191,2,Electronic
4192,0,Pop/Rock
4193,2,Pop/Rock
4194,1,Folk
4195,0,Pop/Rock
4196,1,Blues
4197,0,Pop/Rock
4198,2,Latin
4199,2,Pop/Rock
4200,1,R&B;
4201,2,R&B;
4202,2,Jazz
4203,0,Pop/Rock
4204,4,Children's
4205,0,Pop/Rock
4206,2,Pop/Rock
4207,0,Pop/Rock
4208,0,Pop/Rock
4209,0,Pop/Rock
4210,2,Pop/Rock
4211,2,International
4212,1,Pop/Rock
4213,0,Reggae
4214,2,Jazz
4215,0,Pop/Rock
4216,0,Avant-Garde
4217,1,R&B;
4218,2,Jazz
4219,2,Stage & Screen
4220,2,Jazz
4221,2,Pop/Rock
4222,0,Pop/Rock
4223,0,Pop/Rock
4224,0,Pop/Rock
4225,0,Pop/Rock
4226,0,Pop/Rock
4227,0,Pop/Rock
4228,0,Pop/Rock
4229,1,R&B;
4230,1,Country
4231,0,Pop/Rock
4232,3,Reggae
4233,1,Country
4234,1,Country
4235,2,Latin
4236,1,R&B;
4237,0,Pop/Rock
4238,0,Pop/Rock
4239,0,Pop/Rock
4240,2,Latin
4241,1,Country
4242,0,Electronic
4243,2,Jazz
4244,0,Pop/Rock
4245,2,Latin
4246,2,Jazz
4247,2,Jazz
4248,0,Pop/Rock
4249,1,Blues
4250,1,R&B;
4251,0,Pop/Rock
4252,2,Latin
4253,0,Pop/Rock
4254,0,Pop/Rock
4255,1,R&B;
4256,3,Reggae
4257,1,Folk
4258,2,R&B;
4259,2,Jazz
4260,1,Country
4261,1,Country
4262,2,Electronic
4263,0,Pop/Rock
4264,2,Pop/Rock
4265,1,Comedy/Spoken
4266,2,Jazz
4267,2,R&B;
4268,2,R&B;
4269,1,Country
4270,1,Vocal
4271,1,Pop/Rock
4272,2,Jazz
4273,1,Pop/Rock
4274,1,R&B;
4275,0,Pop/Rock
4276,0,Pop/Rock
4277,1,Pop/Rock
4278,0,Pop/Rock
4279,1,Pop/Rock
4280,2,Electronic
4281,2,Jazz
4282,0,Pop/Rock
4283,0,Pop/Rock
4284,2,R&B;
4285,2,Electronic
4286,2,Pop/Rock
4287,2,Electronic
4288,0,Pop/Rock
4289,0,Pop/Rock
4290,1,Pop/Rock
4291,0,Pop/Rock
4292,1,Pop/Rock
4293,0,Pop/Rock
4294,0,Pop/Rock
4295,1,Pop/Rock
4296,1,Blues
4297,1,Pop/Rock
4298,1,Country
4299,1,R&B;
4300,2,Latin
4301,2,Jazz
4302,2,Classical
4303,0,Pop/Rock
4304,1,Blues
4305,2,R&B;
4306,1,International
4307,0,Pop/Rock
4308,2,Jazz
4309,1,Pop/Rock
4310,2,Latin
4311,3,R&B;
4312,1,Pop/Rock
4313,1,Pop/Rock
4314,1,Country
4315,7,Religious
4316,1,Folk
4317,0,Pop/Rock
4318,1,International
4319,1,Pop/Rock
4320,2,Latin
4321,0,Pop/Rock
4322,2,Jazz
4323,2,Pop/Rock
4324,1,Vocal
4325,0,Pop/Rock
4326,1,Country
4327,2,Jazz
4328,3,Reggae
4329,2,Latin
4330,0,Pop/Rock
4331,0,Pop/Rock
4332,1,Pop/Rock
4333,0,Stage & Screen
4334,0,Pop/Rock
4335,2,R&B;
4336,0,Pop/Rock
4337,0,Pop/Rock
4338,1,R&B;
4339,0,Pop/Rock
4340,0,Electronic
4341,5,Pop/Rock
4342,1,Pop/Rock
4343,0,Pop/Rock
4344,2,Jazz
4345,3,Reggae
4346,1,Folk
4347,1,R&B;
4348,1,Stage & Screen
4349,1,Pop/Rock
4350,0,Pop/Rock
4351,1,R&B;
4352,0,Electronic
4353,1,Country
4354,2,R&B;
4355,2,Comedy/Spoken
4356,1,R&B;
4357,0,Religious
4358,1,Pop/Rock
4359,2,Jazz
4360,2,Vocal
4361,1,Pop/Rock
4362,0,Pop/Rock
4363,0,Pop/Rock
4364,2,Jazz
4365,1,R&B;
4366,1,Pop/Rock
4367,0,Pop/Rock
4368,1,Religious
4369,0,Pop/Rock
4370,1,Pop/Rock
4371,0,Classical
4372,1,Country
4373,1,Country
4374,0,Pop/Rock
4375,0,Pop/Rock
4376,5,Vocal
4377,0,Pop/Rock
4378,2,Jazz
4379,0,Pop/Rock
4380,2,International
4381,1,R&B;
4382,0,Pop/Rock
4383,1,Pop/Rock
4384,0,Pop/Rock
4385,1,R&B;
4386,0,Pop/Rock
4387,2,Pop/Rock
4388,2,Jazz
4389,0,Pop/Rock
4390,1,Country
4391,1,Latin
4392,1,R&B;
4393,1,Blues
4394,1,Blues
4395,2,Jazz
4396,0,Pop/Rock
4397,1,Pop/Rock
4398,0,Pop/Rock
4399,1,R&B;
4400,1,Vocal
4401,0,Pop/Rock
4402,1,Pop/Rock
4403,1,Latin
4404,1,Pop/Rock
4405,2,Jazz
4406,0,Electronic
4407,1,R&B;
4408,2,Latin
4409,1,Country
4410,1,Country
4411,0,Electronic
4412,1,Country
4413,2,Electronic
4414,2,Jazz
4415,1,Pop/Rock
4416,1,Pop/Rock
4417,11,Pop/Rock
4418,1,Pop/Rock
4419,0,Pop/Rock
4420,2,Jazz
4421,1,Children's
4422,0,Pop/Rock
4423,2,Pop/Rock
4424,0,Pop/Rock
4425,2,Jazz
4426,2,Jazz
4427,1,Country
4428,0,Pop/Rock
4429,1,Vocal
4430,0,Pop/Rock
4431,1,Pop/Rock
4432,0,Pop/Rock
4433,1,Pop/Rock
4434,2,Pop/Rock
4435,1,R&B;
4436,0,Electronic
4437,1,R&B;
4438,1,Pop/Rock
4439,1,Country
4440,1,R&B;
4441,1,Pop/Rock
4442,2,Electronic
4443,1,Country
4444,1,Pop/Rock
4445,1,Pop/Rock
4446,1,Folk
4447,0,Pop/Rock
4448,2,Pop/Rock
4449,0,Electronic
4450,1,Pop/Rock
4451,1,Folk
4452,1,Vocal
4453,0,Pop/Rock
4454,1,Vocal
4455,1,Pop/Rock
4456,1,Pop/Rock
4457,0,Pop/Rock
4458,1,Folk
4459,1,Religious
4460,0,Pop/Rock
4461,5,Vocal
4462,1,R&B;
4463,1,Religious
4464,1,Pop/Rock
4465,1,Pop/Rock
4466,1,Pop/Rock
4467,0,Pop/Rock
4468,1,R&B;
4469,1,Blues
4470,0,Pop/Rock
4471,1,Blues
4472,0,Pop/Rock
4473,1,Vocal
4474,1,R&B;
4475,1,Classical
4476,1,Pop/Rock
4477,2,R&B;
4478,1,R&B;
4479,0,Pop/Rock
4480,1,Country
4481,3,Jazz
4482,1,Vocal
4483,1,Pop/Rock
4484,1,R&B;
4485,2,Pop/Rock
4486,1,Pop/Rock
4487,0,Pop/Rock
4488,1,R&B;
4489,2,Stage & Screen
4490,7,New Age
4491,0,Pop/Rock
4492,11,Pop/Rock
4493,0,Pop/Rock
4494,3,Reggae
4495,1,Blues
4496,1,R&B;
4497,1,Blues
4498,0,Pop/Rock
4499,1,Pop/Rock
4500,1,R&B;
4501,1,Pop/Rock
4502,4,Comedy/Spoken
4503,1,Country
4504,1,Country
4505,1,R&B;
4506,1,R&B;
4507,0,Pop/Rock
4508,2,Pop/Rock
4509,2,Easy Listening
4510,2,Latin
4511,0,Pop/Rock
4512,2,Latin
4513,1,Country
4514,1,Pop/Rock
4515,3,Reggae
4516,2,R&B;
4517,1,Pop/Rock
4518,4,Comedy/Spoken
4519,2,Pop/Rock
4520,1,Blues
4521,2,Jazz
4522,2,Jazz
4523,2,Pop/Rock
4524,2,Jazz
4525,0,Pop/Rock
4526,1,R&B;
4527,1,Blues
4528,0,Pop/Rock
4529,0,Pop/Rock
4530,7,Pop/Rock
4531,1,Pop/Rock
4532,1,Country
4533,0,Pop/Rock
4534,2,New Age
4535,3,Reggae
4536,0,Pop/Rock
4537,2,Latin
4538,1,R&B;
4539,1,Blues
4540,1,R&B;
4541,0,Electronic
4542,2,Latin
4543,2,Jazz
4544,3,Reggae
4545,3,International
4546,3,International
4547,1,Pop/Rock
4548,1,Pop/Rock
4549,2,R&B;
4550,7,Folk
4551,1,Blues
4552,0,Pop/Rock
4553,1,R&B;
4554,2,Jazz
4555,2,Jazz
4556,1,R&B;
4557,1,Blues
4558,11,Pop/Rock
4559,1,Folk
4560,0,Pop/Rock
4561,1,Pop/Rock
4562,1,Pop/Rock
4563,0,Pop/Rock
4564,2,Latin
4565,2,Pop/Rock
4566,1,Vocal
4567,0,Pop/Rock
4568,1,Pop/Rock
4569,9,R&B;
4570,4,Comedy/Spoken
4571,2,Latin
4572,0,Pop/Rock
4573,1,Pop/Rock
4574,1,Pop/Rock
4575,1,R&B;
4576,1,R&B;
4577,0,Pop/Rock
4578,0,Pop/Rock
4579,1,Pop/Rock
4580,1,Country
4581,2,Latin
4582,3,Reggae
4583,3,Reggae
4584,2,Latin
4585,0,Pop/Rock
4586,2,International
4587,1,Folk
4588,1,Folk
4589,1,Pop/Rock
4590,2,International
4591,0,Pop/Rock
4592,0,Pop/Rock
4593,1,Vocal
4594,0,Pop/Rock
4595,1,Country
4596,1,Country
4597,1,R&B;
4598,0,Pop/Rock
4599,0,Pop/Rock
4600,1,Country
4601,0,Pop/Rock
4602,1,Folk
4603,1,Pop/Rock
4604,1,Folk
4605,0,Pop/Rock
4606,3,Pop/Rock
4607,1,Religious
4608,0,Pop/Rock
4609,2,R&B;
4610,1,Pop/Rock
4611,0,Electronic
4612,0,Pop/Rock
4613,0,Pop/Rock
4614,0,Pop/Rock
4615,0,Pop/Rock
4616,0,Pop/Rock
4617,0,Pop/Rock
4618,0,Pop/Rock
4619,5,Pop/Rock
4620,0,Pop/Rock
4621,1,Pop/Rock
4622,1,R&B;
4623,2,R&B;
4624,1,Country
4625,1,Pop/Rock
4626,0,Pop/Rock
4627,2,Jazz
4628,1,Pop/Rock
4629,0,Pop/Rock
4630,0,Pop/Rock
4631,2,R&B;
4632,0,Pop/Rock
4633,0,Pop/Rock
4634,1,Pop/Rock
4635,0,Pop/Rock
4636,2,Jazz
4637,2,Jazz
4638,1,Country
4639,1,Pop/Rock
4640,1,R&B;
4641,2,Pop/Rock
4642,0,Pop/Rock
4643,0,Pop/Rock
4644,1,Pop/Rock
4645,2,R&B;
4646,1,Pop/Rock
4647,2,Latin
4648,2,Pop/Rock
4649,6,Pop/Rock
4650,1,Vocal
4651,1,Vocal
4652,7,Religious
4653,0,Pop/Rock
4654,1,Pop/Rock
4655,2,Jazz
4656,1,Country
4657,0,Pop/Rock
4658,2,Jazz
4659,1,Pop/Rock
4660,2,R&B;
4661,0,Classical
4662,1,R&B;
4663,0,Pop/Rock
4664,0,Pop/Rock
4665,1,Pop/Rock
4666,0,Pop/Rock
4667,1,Classical
4668,1,Pop/Rock
4669,0,R&B;
4670,2,Pop/Rock
4671,2,Jazz
4672,0,Pop/Rock
4673,1,Pop/Rock
4674,0,Pop/Rock
4675,7,International
4676,0,Pop/Rock
4677,2,Jazz
4678,1,Pop/Rock
4679,0,Electronic
4680,0,Pop/Rock
4681,0,Electronic
4682,0,Pop/Rock
4683,1,Pop/Rock
4684,0,Electronic
4685,0,Pop/Rock
4686,0,Pop/Rock
4687,1,Folk
4688,1,Folk
4689,0,Pop/Rock
4690,1,Vocal
4691,0,Pop/Rock
4692,2,Latin
4693,3,Reggae
4694,2,Jazz
4695,0,Pop/Rock
4696,0,Pop/Rock
4697,0,Pop/Rock
4698,1,Vocal
4699,0,Pop/Rock
4700,0,Pop/Rock
4701,0,Pop/Rock
4702,1,Country
4703,1,Country
4704,0,Pop/Rock
4705,0,Pop/Rock
4706,2,Latin
4707,0,Pop/Rock
4708,2,Pop/Rock
4709,0,Pop/Rock
4710,0,Pop/Rock
4711,0,Pop/Rock
4712,1,Religious
4713,1,Country
4714,1,Pop/Rock
4715,1,Country
4716,2,Pop/Rock
4717,2,Pop/Rock
4718,2,Pop/Rock
4719,0,Pop/Rock
4720,1,Pop/Rock
4721,1,Pop/Rock
4722,1,New Age
4723,0,Pop/Rock
4724,1,R&B;
4725,1,Folk
4726,0,Pop/Rock
4727,1,Pop/Rock
4728,2,Jazz
4729,2,R&B;
4730,0,Pop/Rock
4731,0,Pop/Rock
4732,0,Pop/Rock
4733,3,Reggae
4734,1,R&B;
4735,7,Pop/Rock
4736,0,International
4737,0,Pop/Rock
4738,1,Pop/Rock
4739,1,Pop/Rock
4740,1,Pop/Rock
4741,2,Latin
4742,2,Latin
4743,2,R&B;
4744,2,Jazz
4745,1,Country
4746,0,Pop/Rock
4747,1,Country
4748,0,Pop/Rock
4749,0,Pop/Rock
4750,1,R&B;
4751,1,R&B;
4752,2,Electronic
4753,2,Easy Listening
4754,2,Jazz
4755,2,Pop/Rock
4756,7,Religious
4757,0,Pop/Rock
4758,0,Jazz
4759,2,Latin
4760,2,Electronic
4761,0,Pop/Rock
4762,2,Jazz
4763,7,Pop/Rock
4764,0,Pop/Rock
4765,2,Jazz
4766,1,Pop/Rock
4767,2,Pop/Rock
4768,0,Pop/Rock
4769,1,Pop/Rock
4770,1,Pop/Rock
4771,1,R&B;
4772,0,Pop/Rock
4773,1,Vocal
4774,0,Pop/Rock
4775,3,Pop/Rock
4776,1,Vocal
4777,1,Country
4778,0,Pop/Rock
4779,0,Pop/Rock
4780,0,Pop/Rock
4781,1,Country
4782,0,Stage & Screen
4783,0,Pop/Rock
4784,1,New Age
4785,2,R&B;
4786,2,International
4787,1,Pop/Rock
4788,2,Stage & Screen
4789,0,Pop/Rock
4790,2,R&B;
4791,1,Pop/Rock
4792,1,Folk
4793,4,Children's
4794,0,Pop/Rock
4795,2,Jazz
4796,1,R&B;
4797,0,Pop/Rock
4798,1,Latin
4799,1,R&B;
4800,0,Pop/Rock
4801,0,Pop/Rock
4802,0,Pop/Rock
4803,1,Pop/Rock
4804,0,Electronic
4805,2,International
4806,1,R&B;
4807,0,Pop/Rock
4808,1,R&B;
4809,2,Latin
4810,1,Pop/Rock
4811,3,Reggae
4812,0,Pop/Rock
4813,1,R&B;
4814,1,R&B;
4815,0,Pop/Rock
4816,1,R&B;
4817,1,Folk
4818,1,Vocal
4819,2,Latin
4820,1,R&B;
4821,0,Pop/Rock
4822,1,Blues
4823,0,Pop/Rock
4824,0,Pop/Rock
4825,0,Pop/Rock
4826,0,Pop/Rock
4827,0,Pop/Rock
4828,1,Country
4829,0,Pop/Rock
4830,1,Latin
4831,0,Pop/Rock
4832,2,Pop/Rock
4833,3,Reggae
4834,7,Pop/Rock
4835,4,Pop/Rock
4836,1,Pop/Rock
4837,0,Pop/Rock
4838,3,Reggae
4839,2,R&B;
4840,0,Pop/Rock
4841,1,Blues
4842,1,Blues
4843,0,Pop/Rock
4844,0,Pop/Rock
4845,4,Comedy/Spoken
4846,1,Comedy/Spoken
4847,3,Pop/Rock
4848,0,Pop/Rock
4849,1,R&B;
4850,0,Pop/Rock
4851,2,Latin
4852,1,Country
4853,1,R&B;
4854,7,Pop/Rock
4855,2,Stage & Screen
4856,1,R&B;
4857,0,Pop/Rock
4858,4,Comedy/Spoken
4859,1,Pop/Rock
4860,0,Pop/Rock
4861,0,Pop/Rock
4862,2,Pop/Rock
4863,0,Pop/Rock
4864,0,Pop/Rock
4865,0,Pop/Rock
4866,2,Electronic
4867,1,Pop/Rock
4868,2,Pop/Rock
4869,0,Pop/Rock
4870,0,Pop/Rock
4871,0,Pop/Rock
4872,2,Electronic
4873,0,Pop/Rock
4874,0,Pop/Rock
4875,2,R&B;
4876,1,Pop/Rock
4877,0,Pop/Rock
4878,3,Reggae
4879,0,Pop/Rock
4880,0,Pop/Rock
4881,0,Pop/Rock
4882,0,Pop/Rock
4883,1,Pop/Rock
4884,1,R&B;
4885,0,Pop/Rock
4886,1,R&B;
4887,0,Pop/Rock
4888,1,Country
4889,0,Electronic
4890,1,Pop/Rock
4891,1,Vocal
4892,0,Pop/Rock
4893,1,Religious
4894,0,Pop/Rock
4895,0,Pop/Rock
4896,3,Reggae
4897,1,Pop/Rock
4898,0,Pop/Rock
4899,0,Pop/Rock
4900,2,Pop/Rock
4901,0,Pop/Rock
4902,2,Pop/Rock
4903,1,Vocal
4904,0,Pop/Rock
4905,0,Pop/Rock
4906,0,Electronic
4907,0,Pop/Rock
4908,0,Pop/Rock
4909,2,Pop/Rock
4910,1,Pop/Rock
4911,3,Reggae
4912,2,Stage & Screen
4913,0,Pop/Rock
4914,0,Pop/Rock
4915,2,Pop/Rock
4916,1,Pop/Rock
4917,0,Jazz
4918,0,Pop/Rock
4919,2,Latin
4920,7,Pop/Rock
4921,0,Pop/Rock
4922,2,R&B;
4923,0,Pop/Rock
4924,1,Pop/Rock
4925,0,Pop/Rock
4926,1,R&B;
4927,0,Pop/Rock
4928,0,Pop/Rock
4929,0,Pop/Rock
4930,1,R&B;
4931,0,Pop/Rock
4932,1,Country
4933,2,Jazz
4934,0,Pop/Rock
4935,0,Pop/Rock
4936,0,Pop/Rock
4937,0,Pop/Rock
4938,0,Pop/Rock
4939,2,New Age
4940,0,Pop/Rock
4941,1,R&B;
4942,1,Jazz
4943,2,Pop/Rock
4944,1,Folk
4945,1,Country
4946,2,Electronic
4947,0,Pop/Rock
4948,2,Jazz
4949,0,Pop/Rock
4950,0,Pop/Rock
4951,0,Classical
4952,0,Pop/Rock
4953,2,R&B;
4954,0,Electronic
4955,1,Pop/Rock
4956,1,Pop/Rock
4957,1,Latin
4958,0,Pop/Rock
4959,0,Reggae
4960,1,Pop/Rock
4961,2,Stage & Screen
4962,2,Latin
4963,0,Pop/Rock
4964,1,Pop/Rock
4965,2,International
4966,2,R&B;
4967,1,R&B;
4968,2,R&B;
4969,0,Pop/Rock
4970,1,Pop/Rock
4971,0,Pop/Rock
4972,0,Pop/Rock
4973,1,Pop/Rock
4974,1,R&B;
4975,1,Pop/Rock
4976,1,Country
4977,0,Pop/Rock
4978,2,Jazz
4979,2,Jazz
4980,0,Pop/Rock
4981,1,Folk
4982,1,Pop/Rock
4983,1,Jazz
4984,1,R&B;
4985,2,Reggae
4986,1,R&B;
4987,1,Pop/Rock
4988,1,R&B;
4989,1,Pop/Rock
4990,1,R&B;
4991,1,Pop/Rock
4992,1,Country
4993,0,Pop/Rock
4994,2,Stage & Screen
4995,5,Pop/Rock
4996,1,International
4997,0,Pop/Rock
4998,0,Pop/Rock
4999,0,Electronic
5000,2,Jazz
5001,0,Pop/Rock
5002,1,Folk
5003,0,Pop/Rock
5004,3,Reggae
5005,0,Pop/Rock
5006,0,Pop/Rock
5007,1,Pop/Rock
5008,1,Country
5009,3,Reggae
5010,1,Country
5011,1,Pop/Rock
5012,1,Religious
5013,3,Pop/Rock
5014,0,Pop/Rock
5015,1,Pop/Rock
5016,1,Country
5017,2,Latin
5018,0,Electronic
5019,1,Blues
5020,7,Religious
5021,0,Pop/Rock
5022,0,Avant-Garde
5023,0,Pop/Rock
5024,1,Pop/Rock
5025,1,Country
5026,2,Latin
5027,2,Jazz
5028,1,Pop/Rock
5029,1,Country
5030,2,R&B;
5031,2,Stage & Screen
5032,1,Pop/Rock
5033,0,Pop/Rock
5034,1,Pop/Rock
5035,0,Pop/Rock
5036,0,New Age
5037,4,Comedy/Spoken
5038,2,Jazz
5039,2,Electronic
5040,1,Pop/Rock
5041,0,Religious
5042,0,Pop/Rock
5043,1,R&B;
5044,0,Pop/Rock
5045,0,Pop/Rock
5046,1,Country
5047,1,Country
5048,1,Pop/Rock
5049,0,Pop/Rock
5050,0,Pop/Rock
5051,2,Pop/Rock
5052,0,Pop/Rock
5053,0,Pop/Rock
5054,1,Pop/Rock
5055,0,Pop/Rock
5056,0,Pop/Rock
5057,1,Vocal
5058,0,Pop/Rock
5059,0,Pop/Rock
5060,2,Pop/Rock
5061,2,Electronic
5062,0,Pop/Rock
5063,2,Pop/Rock
5064,2,Jazz
5065,1,Country
5066,1,Pop/Rock
5067,0,Pop/Rock
5068,3,Reggae
5069,0,Pop/Rock
5070,2,Jazz
5071,0,Pop/Rock
5072,1,Pop/Rock
5073,2,Pop/Rock
5074,0,Pop/Rock
5075,1,Vocal
5076,2,Pop/Rock
5077,2,Pop/Rock
5078,3,Pop/Rock
5079,0,Pop/Rock
5080,0,Pop/Rock
5081,0,Pop/Rock
5082,0,Pop/Rock
5083,1,Vocal
5084,1,Vocal
5085,2,Latin
5086,0,Pop/Rock
5087,2,Latin
5088,1,Pop/Rock
5089,0,Easy Listening
5090,2,Jazz
5091,2,Easy Listening
5092,1,Pop/Rock
5093,1,Pop/Rock
5094,1,Pop/Rock
5095,2,Pop/Rock
5096,1,Country
5097,0,Pop/Rock
5098,2,Pop/Rock
5099,0,Pop/Rock
5100,2,Jazz
5101,0,Pop/Rock
5102,2,Jazz
5103,0,Pop/Rock
5104,2,Jazz
5105,1,Pop/Rock
5106,2,Jazz
5107,0,Pop/Rock
5108,0,Pop/Rock
5109,1,Country
5110,1,Blues
5111,2,Vocal
5112,1,R&B;
5113,0,Pop/Rock
5114,1,R&B;
5115,2,Jazz
5116,1,Pop/Rock
5117,1,Pop/Rock
5118,2,Stage & Screen
5119,2,Jazz
5120,1,Blues
5121,1,Pop/Rock
5122,2,Pop/Rock
5123,2,Pop/Rock
5124,0,Pop/Rock
5125,2,Pop/Rock
5126,2,Electronic
5127,0,Pop/Rock
5128,2,Pop/Rock
5129,0,Pop/Rock
5130,2,R&B;
5131,0,Pop/Rock
5132,3,Pop/Rock
5133,2,Latin
5134,1,Pop/Rock
5135,0,Pop/Rock
5136,0,Pop/Rock
5137,1,R&B;
5138,1,Religious
5139,0,Pop/Rock
5140,2,Jazz
5141,1,Pop/Rock
5142,1,Pop/Rock
5143,0,New Age
5144,0,Pop/Rock
5145,0,Pop/Rock
5146,0,Pop/Rock
5147,1,Pop/Rock
5148,0,Pop/Rock
5149,0,Pop/Rock
5150,1,Pop/Rock
5151,0,Pop/Rock
5152,0,Pop/Rock
5153,0,Electronic
5154,0,Electronic
5155,1,Pop/Rock
5156,0,Pop/Rock
5157,1,R&B;
5158,2,Pop/Rock
5159,0,Pop/Rock
5160,2,Pop/Rock
5161,2,Pop/Rock
5162,0,Pop/Rock
5163,0,Pop/Rock
5164,1,R&B;
5165,0,Pop/Rock
5166,0,Pop/Rock
5167,2,Electronic
5168,0,Pop/Rock
5169,0,Pop/Rock
5170,0,Pop/Rock
5171,1,Country
5172,7,Pop/Rock
5173,0,Pop/Rock
5174,0,Pop/Rock
5175,1,Pop/Rock
5176,1,Blues
5177,1,Country
5178,0,Pop/Rock
5179,2,Electronic
5180,0,Pop/Rock
5181,2,Pop/Rock
5182,0,Pop/Rock
5183,2,Pop/Rock
5184,2,International
5185,0,Pop/Rock
5186,0,Pop/Rock
5187,2,R&B;
5188,1,Country
5189,2,Pop/Rock
5190,1,Pop/Rock
5191,2,R&B;
5192,0,Pop/Rock
5193,0,Electronic
5194,2,Comedy/Spoken
5195,1,R&B;
5196,0,Pop/Rock
5197,1,Pop/Rock
5198,0,Pop/Rock
5199,0,Pop/Rock
5200,1,Pop/Rock
5201,2,R&B;
5202,0,Pop/Rock
5203,2,R&B;
5204,1,Country
5205,0,Pop/Rock
5206,7,Pop/Rock
5207,2,Jazz
5208,0,Pop/Rock
5209,0,Avant-Garde
5210,0,Pop/Rock
5211,1,Pop/Rock
5212,0,Pop/Rock
5213,1,Pop/Rock
5214,1,Pop/Rock
5215,2,Pop/Rock
5216,2,R&B;
5217,3,Reggae
5218,3,Reggae
5219,2,Latin
5220,0,Electronic
5221,0,Classical
5222,1,Country
5223,1,Pop/Rock
5224,0,Pop/Rock
5225,0,Pop/Rock
5226,0,Pop/Rock
5227,1,Pop/Rock
5228,2,R&B;
5229,0,Religious
5230,0,Pop/Rock
5231,5,International
5232,1,New Age
5233,0,Stage & Screen
5234,1,Country
5235,0,Pop/Rock
5236,4,Comedy/Spoken
5237,1,Country
5238,0,Pop/Rock
5239,3,Latin
5240,3,Reggae
5241,2,International
5242,0,Pop/Rock
5243,0,Pop/Rock
5244,0,Electronic
5245,2,Classical
5246,13,Pop/Rock
5247,2,Electronic
5248,2,R&B;
5249,1,Religious
5250,2,Electronic
5251,1,Country
5252,0,Pop/Rock
5253,1,Pop/Rock
5254,14,R&B;
5255,0,Pop/Rock
5256,1,R&B;
5257,2,Pop/Rock
5258,2,Pop/Rock
5259,0,Electronic
5260,1,Country
5261,1,R&B;
5262,0,Electronic
5263,1,R&B;
5264,0,Pop/Rock
5265,1,Pop/Rock
5266,0,Pop/Rock
5267,2,Electronic
5268,2,Electronic
5269,1,Pop/Rock
5270,0,Pop/Rock
5271,2,Pop/Rock
5272,1,Country
5273,2,International
5274,2,Pop/Rock
5275,1,Pop/Rock
5276,3,Latin
5277,0,Pop/Rock
5278,0,Pop/Rock
5279,2,Pop/Rock
5280,0,Pop/Rock
5281,2,Jazz
5282,0,Religious
5283,2,Classical
5284,0,Pop/Rock
5285,2,Pop/Rock
5286,1,Pop/Rock
5287,2,R&B;
5288,1,Country
5289,1,R&B;
5290,0,Pop/Rock
5291,1,Country
5292,0,Pop/Rock
5293,0,Pop/Rock
5294,0,Pop/Rock
5295,0,Electronic
5296,7,Pop/Rock
5297,3,R&B;
5298,0,Pop/Rock
5299,3,Electronic
5300,0,Pop/Rock
5301,1,Pop/Rock
5302,0,Pop/Rock
5303,2,Pop/Rock
5304,1,Pop/Rock
5305,1,R&B;
5306,0,Pop/Rock
5307,1,Country
5308,2,Electronic
5309,0,Pop/Rock
5310,1,Pop/Rock
5311,2,Electronic
5312,12,Pop/Rock
5313,2,Pop/Rock
5314,2,Religious
5315,1,Pop/Rock
5316,2,Pop/Rock
5317,7,Religious
5318,0,Pop/Rock
5319,0,Pop/Rock
5320,0,Pop/Rock
5321,0,Pop/Rock
5322,1,Pop/Rock
5323,2,Pop/Rock
5324,0,Pop/Rock
5325,0,Pop/Rock
5326,2,R&B;
5327,0,Pop/Rock
5328,2,Pop/Rock
5329,2,Pop/Rock
5330,1,Pop/Rock
5331,0,Pop/Rock
5332,14,Pop/Rock
5333,0,Pop/Rock
5334,1,Country
5335,2,Pop/Rock
5336,2,Electronic
5337,2,R&B;
5338,2,Latin
5339,0,Pop/Rock
5340,0,Pop/Rock
5341,1,Country
5342,2,R&B;
5343,0,Pop/Rock
5344,7,Country
5345,2,Latin
5346,1,R&B;
5347,2,Electronic
5348,1,Pop/Rock
5349,0,Pop/Rock
5350,0,Pop/Rock
5351,2,Pop/Rock
5352,0,Pop/Rock
5353,2,Pop/Rock
5354,1,R&B;
5355,1,R&B;
5356,2,Electronic
5357,2,R&B;
5358,2,Electronic
5359,1,Electronic
5360,0,Pop/Rock
5361,1,Pop/Rock
5362,2,R&B;
5363,2,Electronic
5364,0,Pop/Rock
5365,1,Country
5366,0,Pop/Rock
5367,1,Pop/Rock
5368,2,Pop/Rock
5369,1,Pop/Rock
5370,1,Pop/Rock
5371,2,Pop/Rock
5372,1,R&B;
5373,2,Pop/Rock
5374,2,Reggae
5375,1,Electronic
5376,2,Pop/Rock
5377,0,Pop/Rock
5378,2,Electronic
5379,0,Electronic
5380,2,Pop/Rock
5381,2,R&B;
5382,1,Country
5383,2,R&B;
5384,1,Religious
5385,0,Pop/Rock
5386,0,Pop/Rock
5387,1,Pop/Rock
5388,1,Pop/Rock
5389,1,R&B;
5390,2,Pop/Rock
5391,2,Pop/Rock
5392,2,Stage & Screen
5393,1,Pop/Rock
5394,1,R&B;
5395,0,Pop/Rock
5396,1,Pop/Rock
5397,2,Electronic
5398,2,Pop/Rock
5399,2,Electronic
5400,2,R&B;
5401,1,R&B;
5402,2,R&B;
5403,1,Country
5404,0,Pop/Rock
5405,1,Pop/Rock
5406,1,Country
5407,1,Country
5408,1,Country
5409,13,Pop/Rock
5410,2,Electronic
5411,2,Pop/Rock
5412,1,R&B;
5413,0,Pop/Rock
5414,1,Country
5415,0,Pop/Rock
5416,1,Pop/Rock
5417,2,Pop/Rock
5418,2,R&B;
5419,2,Electronic
5420,1,Pop/Rock
5421,1,Pop/Rock
5422,1,Country
5423,1,R&B;
5424,0,Pop/Rock
5425,0,Pop/Rock
5426,2,Electronic
5427,1,R&B;
5428,2,Pop/Rock
5429,0,Pop/Rock
5430,2,R&B;
5431,1,Pop/Rock
5432,1,R&B;
5433,0,Pop/Rock
5434,5,Pop/Rock
5435,2,Pop/Rock
5436,0,Pop/Rock
5437,1,Pop/Rock
5438,0,Pop/Rock
5439,0,Pop/Rock
5440,0,Pop/Rock
5441,0,Pop/Rock
5442,1,Pop/Rock
5443,1,Pop/Rock
5444,2,Electronic
5445,1,Easy Listening
5446,2,Reggae
5447,0,Electronic
5448,1,Pop/Rock
5449,1,Pop/Rock
5450,2,Pop/Rock
5451,0,Pop/Rock
5452,1,Country
5453,1,Country
5454,2,Electronic
5455,0,Pop/Rock
5456,0,Pop/Rock
5457,1,R&B;
5458,14,Pop/Rock
5459,2,Pop/Rock
5460,1,R&B;
5461,2,Pop/Rock
5462,1,Pop/Rock
5463,0,Pop/Rock
5464,0,Pop/Rock
5465,2,Electronic
5466,2,R&B;
5467,2,Electronic
5468,1,R&B;
5469,2,Pop/Rock
5470,1,R&B;
5471,0,Pop/Rock
5472,0,Pop/Rock
5473,2,R&B;
5474,0,Pop/Rock
5475,1,Country
5476,2,Electronic
5477,1,R&B;
5478,14,Pop/Rock
5479,0,Pop/Rock
5480,2,Religious
5481,1,Pop/Rock
5482,0,Pop/Rock
5483,2,Pop/Rock
5484,1,Electronic
5485,1,Country
5486,0,Pop/Rock
5487,1,R&B;
5488,1,R&B;
5489,0,Pop/Rock
5490,1,Pop/Rock
5491,1,Pop/Rock
5492,2,Pop/Rock
5493,0,Pop/Rock
5494,0,Pop/Rock
5495,3,Pop/Rock
5496,1,Pop/Rock
5497,15,R&B;
5498,1,Pop/Rock
5499,1,Pop/Rock
5500,1,R&B;
5501,2,Pop/Rock
5502,2,R&B;
5503,0,Pop/Rock
5504,0,Pop/Rock
5505,0,Pop/Rock
5506,1,Pop/Rock
5507,1,R&B;
5508,1,Pop/Rock
5509,2,Pop/Rock
5510,0,Pop/Rock
5511,0,Pop/Rock
5512,2,Avant-Garde
5513,0,Pop/Rock
5514,2,Electronic
5515,1,R&B;
5516,2,R&B;
5517,1,R&B;
5518,1,Country
5519,2,R&B;
5520,2,R&B;
5521,1,Country
5522,2,R&B;
5523,1,Electronic
5524,7,Pop/Rock
5525,1,Pop/Rock
5526,2,Pop/Rock
5527,1,Country
5528,15,Electronic
5529,1,Electronic
5530,2,Pop/Rock
5531,2,Electronic
5532,1,Country
5533,0,Pop/Rock
5534,1,R&B;
5535,0,Pop/Rock
5536,1,Pop/Rock
5537,1,Pop/Rock
5538,1,Pop/Rock
5539,1,Country
5540,1,R&B;
5541,2,Pop/Rock
5542,0,Pop/Rock
5543,0,Pop/Rock
5544,2,Pop/Rock
5545,2,Pop/Rock
5546,1,R&B;
5547,1,Country
5548,1,Pop/Rock
5549,2,Electronic
5550,1,Pop/Rock
5551,2,Pop/Rock
5552,0,Pop/Rock
5553,1,Country
5554,1,R&B;
5555,2,Pop/Rock
5556,0,Pop/Rock
5557,2,R&B;
5558,2,Pop/Rock
5559,2,Electronic
5560,1,R&B;
5561,2,R&B;
5562,1,R&B;
5563,2,R&B;
5564,1,R&B;
5565,2,Pop/Rock
5566,0,Pop/Rock
5567,2,Pop/Rock
5568,2,Pop/Rock
5569,0,Pop/Rock
5570,2,Pop/Rock
5571,0,Pop/Rock
5572,1,Pop/Rock
5573,1,Country
5574,1,Country
5575,1,Pop/Rock
5576,1,Country
5577,0,Pop/Rock
5578,0,Pop/Rock
5579,0,Pop/Rock
5580,0,Pop/Rock
5581,2,Pop/Rock
5582,1,Pop/Rock
5583,3,Pop/Rock
5584,2,Latin
5585,1,Country
5586,0,Pop/Rock
5587,2,R&B;
5588,1,R&B;
5589,1,Country
5590,2,Electronic
5591,2,R&B;
5592,1,Country
5593,1,R&B;
5594,1,Country
5595,2,R&B;
5596,1,Pop/Rock
5597,0,Pop/Rock
5598,2,Pop/Rock
5599,0,Pop/Rock
5600,1,Electronic
5601,0,Pop/Rock
5602,2,R&B;
